age,bmi,smoker,region,children,charges
39.0,39.57320352806875,no,northeast,2.0,478.29576706053376
23.0,23.161663224938525,no,northeast,0.0,388.9938899020684
45.0,30.052719900001307,no,northwest,2.0,485.4483135605303
30.0,35.147457239735104,no,southwest,1.0,431.0354965303055
44.0,34.4817169695569,no,southwest,3.0,504.3862328378916
63.0,31.377360565966598,no,northeast,1.0,605.5950115621849
34.0,23.840867064794537,no,southwest,3.0,423.3925078888827
31.0,27.385238078738237,no,northwest,3.0,441.48815183172
52.0,28.780135876268943,no,northeast,2.0,533.9794853370887
30.0,31.14187160261718,no,southeast,5.0,479.91590019443083
29.0,19.728146615272088,no,southwest,1.0,397.3460536780387
41.0,42.32697409824411,no,northeast,2.0,504.0662912206293
49.0,40.04006617224624,no,southwest,4.0,521.1267666563472
48.0,36.47724375334663,no,southeast,0.0,539.2984109209838
39.0,28.544031435247902,no,southeast,1.0,489.3084447647534
29.0,31.624245472723878,no,northeast,0.0,436.06844557812065
20.0,34.52121373119872,no,southwest,1.0,378.5522041012627
,35.75069114262083,no,northwest,0.0,482.93768628802343
37.0,23.89295350620706,no,southeast,0.0,486.6218196392349
36.0,18.71361198509668,no,northeast,1.0,471.49404437937017
54.0,38.80821387384981,no,southwest,3.0,546.6786734260755
27.0,24.93018349959545,no,northeast,0.0,431.1013719206767
41.0,24.82435999190205,no,northwest,2.0,462.375878423435
26.0,28.64260662477079,no,northwest,5.0,454.9784067254491
41.0,34.21543591222124,no,northwest,1.0,508.3085417332595
40.0,36.25209786114597,no,southwest,1.0,507.02317969111516
33.0,,no,northeast,3.0,487.5090783356
19.0,37.04769875961902,no,southwest,0.0,399.84038878011125
51.0,31.037463478158323,no,southeast,1.0,533.9012765718452
20.0,40.38628538437914,no,southeast,3.0,452.1135104737946
,27.70841300281849,no,southwest,5.0,497.7569004530633
42.0,39.408587155225895,no,northwest,5.0,512.4474741546022
54.0,37.04327994592078,no,northeast,2.0,571.5407500566319
58.0,27.013431224184757,no,southwest,0.0,536.7889820746764
35.0,34.175528814564004,no,northeast,1.0,484.7208605875483
54.0,29.74111274959563,yes,northwest,2.0,622.861288319332
47.0,30.06703155359219,yes,northeast,5.0,648.526185822823
55.0,39.517953497649486,no,southeast,0.0,571.7044996612283
50.0,37.25908491164094,no,northwest,2.0,509.5405288311371
54.0,24.987530257372033,no,northeast,0.0,534.962059400615
56.0,,no,northwest,0.0,564.8249986324773
47.0,,no,southeast,4.0,543.8085411247833
31.0,28.048875128009954,no,southwest,5.0,450.89058913776284
56.0,25.621948309898833,no,southeast,1.0,530.420280423821
58.0,23.685444766281996,yes,northeast,1.0,646.79316125584
33.0,44.17981594771132,no,southeast,0.0,504.6558896838002
62.0,32.02459882876786,no,southeast,1.0,608.345853526972
47.0,22.06016453121749,no,southeast,2.0,476.34623367924314
45.0,43.81469273192529,no,southwest,3.0,549.3378948739698
28.0,28.835692419695338,no,southeast,1.0,468.9712748674274
37.0,26.945838222637043,no,northeast,0.0,467.38114915729807
36.0,37.44890639454784,no,northeast,3.0,505.2940386238595
62.0,41.05017019209695,no,southwest,0.0,549.2328537685937
35.0,32.160064160739005,yes,northwest,2.0,591.9353705953948
30.0,34.45729414536888,no,southwest,2.0,416.5468001106006
38.0,31.530720395099546,no,northeast,4.0,506.6544117083589
45.0,33.92673814684913,no,southwest,2.0,520.4709853642407
61.0,27.100782732339987,no,northwest,3.0,532.187765320918
20.0,31.06157039966752,no,northeast,2.0,413.96041385627063
30.0,32.86684743204822,no,northeast,1.0,432.0599129588886
41.0,18.868629227444096,no,northwest,0.0,457.577615504284
50.0,,no,northwest,2.0,478.7006415969201
37.0,27.80004194730677,no,northeast,0.0,459.06074679391423
36.0,38.460110437662806,no,northeast,1.0,513.6718204001028
44.0,26.877770104578307,yes,southeast,0.0,600.3453433621108
61.0,22.321634158700434,no,northwest,0.0,516.7694495402084
55.0,27.30972819031487,no,northwest,1.0,550.6831699357537
23.0,38.71201323432463,no,northeast,2.0,448.7172476812835
63.0,33.243555976867924,no,northwest,3.0,582.7143501929477
55.0,38.67732296786815,yes,northwest,,673.2445219240741
36.0,26.509121061752438,no,southwest,4.0,447.5052323718657
62.0,30.755714268536174,no,southeast,2.0,580.1137651624218
52.0,33.66687224717431,no,northeast,0.0,521.3375348023906
42.0,34.21090396646163,no,southwest,0.0,492.91128056673716
62.0,36.847026168295656,no,northwest,4.0,602.0473601260761
36.0,36.28569245361084,no,northeast,2.0,486.08885738552533
58.0,33.46722373639459,no,southwest,1.0,540.6321758618009
35.0,28.75757906831631,no,southeast,1.0,468.1018871807114
59.0,32.77988513895094,no,southeast,2.0,610.4381920506935
46.0,37.80982494964417,no,southeast,1.0,531.1745040121656
38.0,37.76508665759572,yes,northwest,0.0,583.8883874878541
32.0,19.980631137617106,no,northwest,1.0,395.4273231476596
54.0,,yes,southeast,2.0,657.4198484130462
48.0,44.99005288121708,no,northeast,1.0,554.4487294939878
47.0,25.064278449156557,no,southwest,4.0,508.0294446563348
20.0,22.61880062286848,no,northeast,0.0,410.09517456973884
40.0,33.49551949928002,yes,northwest,2.0,610.136156569902
41.0,35.60935799483683,no,northeast,0.0,521.8280756923167
20.0,42.532217809073664,no,northeast,0.0,434.6419181947671
34.0,32.210127848608714,no,northwest,3.0,453.87885345493197
29.0,40.97710414638025,yes,northwest,1.0,599.9935785394482
,39.58453390062531,no,northwest,5.0,598.4623767657658
34.0,27.57872232550625,no,southeast,0.0,475.2028166957198
22.0,31.284983611906497,no,southwest,4.0,410.925466754155
53.0,40.46137731268139,no,northeast,1.0,583.8668200685489
50.0,39.33837828441654,no,northwest,1.0,524.3482537420795
44.0,34.62562247770306,yes,northeast,3.0,681.3815215754338
51.0,32.31333434319122,no,southeast,3.0,564.6984845932905
33.0,20.883286484527922,no,southwest,2.0,441.07963021283126
49.0,35.37844114812336,no,southwest,2.0,520.1991634571461
23.0,36.0068791108498,no,southwest,4.0,421.24145719392874
29.0,29.545751901044895,no,southwest,1.0,407.7372452851909
30.0,22.33943639532353,no,southeast,1.0,429.75483954549134
30.0,24.35045104224738,no,southwest,4.0,443.3893580833954
43.0,27.490769260045738,no,northwest,3.0,457.961792691769
28.0,36.66306738383785,no,northwest,5.0,450.0968099092907
,39.73324115238434,yes,southeast,2.0,639.8224027688708
24.0,37.98263692874528,no,northeast,2.0,459.1475023373108
24.0,29.74375590512492,yes,southwest,0.0,508.55429219966555
29.0,28.297564085271787,no,southwest,0.0,404.1198818068135
24.0,34.55525663722857,yes,northwest,3.0,555.6068474206604
38.0,25.87057244620079,no,southeast,0.0,508.5783095511563
50.0,21.528545534306073,no,northwest,4.0,521.7661030994313
45.0,33.270344628248395,yes,northeast,0.0,623.3946868277108
34.0,,yes,northwest,0.0,561.0881535986297
40.0,28.187934424580973,no,southeast,5.0,508.5233323156709
42.0,37.761740988833736,no,southwest,2.0,472.0621542218967
,21.702545071257465,no,southwest,4.0,527.1912244487324
,43.05234469248418,yes,southwest,2.0,700.4854092263956
58.0,31.933913160818808,no,southwest,3.0,553.9347940542837
29.0,30.186059788039906,yes,southeast,3.0,591.6015147543202
48.0,38.09258732360702,no,southwest,2.0,517.3231283005413
51.0,25.07251392781298,no,northeast,3.0,535.6746594928544
63.0,27.1653860441118,no,northeast,,556.9986968012732
52.0,31.7310814100005,no,southeast,1.0,537.3792603025882
57.0,17.217336267001034,no,northeast,4.0,555.0018531206623
42.0,23.96372927146605,no,southeast,2.0,539.1031820451307
49.0,37.646342518107836,no,southwest,5.0,548.4848823468169
59.0,26.21349884662326,yes,southeast,2.0,699.0981009703489
62.0,31.909352316650633,yes,southeast,4.0,723.7858905264599
47.0,18.162244243279286,no,southeast,0.0,492.3295630543636
57.0,34.5674731791591,no,northwest,1.0,526.5483148632896
57.0,27.815894688744546,no,southwest,0.0,520.6955068084912
54.0,30.29972633764257,no,northwest,1.0,504.7592836668845
24.0,23.08344833650294,yes,northwest,5.0,524.739724502572
42.0,36.32231544493874,no,southwest,2.0,509.3704500222169
52.0,23.014494956662197,no,southeast,2.0,505.44258125326223
62.0,36.08061629544315,no,southwest,3.0,599.0483099810097
36.0,30.862346923086655,yes,southwest,4.0,583.1334044375743
63.0,23.033643786528554,yes,northwest,1.0,658.3323516469492
61.0,91.61117792854995,no,southeast,0.0,541.2523091015192
46.0,29.244486193667555,no,northwest,1.0,505.3428802540619
63.0,42.74837215294888,no,southwest,0.0,578.1879783509859
49.0,33.698863414644066,yes,northeast,1.0,661.3374838303546
33.0,27.568795978857516,no,southwest,0.0,421.8826011336055
50.0,36.42739421733804,yes,southwest,1.0,637.7126006551758
27.0,15.0,no,northeast,1.0,417.13435439675055
29.0,20.047666194274072,no,southwest,2.0,408.00287084702285
36.0,33.487068708548605,no,southeast,0.0,490.9284380452963
29.0,35.819111672910324,yes,northeast,0.0,583.8367390430886
31.0,46.08390891323781,no,northwest,0.0,488.46176317936954
58.0,35.00933326208558,no,northeast,1.0,561.7655670174354
18.0,27.227828874362025,no,northeast,4.0,417.2004954216265
36.0,39.28485401998416,yes,northwest,3.0,611.1461440074958
54.0,24.839488219338833,no,northwest,5.0,538.1435104702952
56.0,32.4914793784616,no,southwest,0.0,524.3425827281714
34.0,28.719371221665924,no,southeast,2.0,482.08150899845225
,33.18957957760036,no,northeast,2.0,458.3415844400396
40.0,27.102100231395234,no,southeast,1.0,502.3331968291939
52.0,33.84048088019984,no,northeast,1.0,551.8249567526088
52.0,23.77178593987572,no,southeast,1.0,516.4719766663667
26.0,22.477298675398714,no,southwest,0.0,408.6409267820592
25.0,23.88785903027687,no,southwest,2.0,388.7139367287058
46.0,27.82591126960198,no,northeast,0.0,500.74661701060637
53.0,35.70619800050093,no,southwest,,521.0149382774601
34.0,32.38917287456795,no,southeast,1.0,486.7173240132486
,20.77795281062243,no,northeast,3.0,452.3466288868946
64.0,29.90498069248023,no,southeast,1.0,596.5165938960416
52.0,31.702510222575903,no,northeast,2.0,519.6459208046039
40.0,29.309264445436575,no,northwest,1.0,462.70653321945787
36.0,33.96580924093678,no,southeast,0.0,498.9320771219731
62.0,35.43534448802731,no,southwest,1.0,573.9914038676483
47.0,33.48340189372577,no,southwest,5.0,517.6701936277774
34.0,33.767014173283854,yes,northeast,3.0,626.3539155921477
46.0,24.946547258331012,no,southwest,1.0,505.64444844707987
59.0,32.86612456129069,no,northwest,3.0,556.9215475275702
47.0,22.311464348260436,no,northeast,1.0,506.4438838343087
25.0,30.50225267256575,no,northeast,1.0,425.9725814949314
51.0,30.81904499892605,no,northwest,0.0,513.8889159259842
46.0,32.653667384832104,no,northwest,1.0,472.34254885433364
37.0,31.85820005851422,no,northwest,1.0,457.2864335314581
59.0,27.46859508776,no,southeast,2.0,565.6597438044126
,22.45247399771266,no,southwest,0.0,395.6008952707971
53.0,27.167081312967763,yes,southwest,0.0,612.6228256135921
61.0,31.555706267962776,yes,northwest,2.0,690.3100411375653
56.0,,no,northeast,4.0,562.9116090341031
32.0,26.849397295103,no,northeast,2.0,457.0515590624566
30.0,34.40710950210705,no,northeast,4.0,496.9219951707061
59.0,27.756775281517914,no,northwest,2.0,518.0081283349662
40.0,28.25652255673718,no,southeast,0.0,513.0463449153998
35.0,36.318045737597444,yes,southeast,0.0,629.5975112295067
29.0,34.55996024874384,no,southeast,3.0,477.42577697258287
35.0,31.386374856257184,no,northwest,1.0,467.1622844374539
49.0,27.235559894358513,yes,southeast,1.0,661.9487708290088
36.0,19.820741904538764,no,southwest,0.0,415.0805592621996
50.0,21.938162191097987,yes,northwest,5.0,627.7948440595025
57.0,26.657072257626183,no,southwest,4.0,533.3773511856398
48.0,40.04749576346953,no,southeast,0.0,535.6616261791056
59.0,32.34664322217709,no,southeast,4.0,598.9368434021278
61.0,36.098335754364165,no,southeast,0.0,583.5629592421789
22.0,39.598978227708336,no,southwest,1.0,392.7704518155101
48.0,33.69652530940289,no,southeast,2.0,537.3448967265911
48.0,,no,southeast,1.0,512.3249542881201
40.0,36.901155435588336,yes,northeast,0.0,640.8771587392629
22.0,104.50180578411263,no,northeast,0.0,413.403844242856
32.0,31.49328528181862,no,southwest,3.0,446.60800177958373
18.0,23.99173674856442,no,northeast,3.0,396.91447371024515
26.0,24.777420830668163,no,southwest,0.0,409.82486191456695
61.0,24.89336430077443,no,southwest,1.0,554.2700775347905
41.0,23.905455239210912,no,southwest,4.0,494.5502983847583
21.0,38.00196337024847,no,northeast,0.0,423.4883303430669
23.0,131.806300245827,no,northeast,,427.559387112929
52.0,28.11388231491669,no,northeast,2.0,533.3481387549747
55.0,31.441674333565167,no,southeast,5.0,567.7645186023283
31.0,20.182526602337717,yes,northeast,2.0,551.4620069255191
37.0,32.89400959780329,no,northwest,2.0,478.42895174948757
25.0,35.32699903094765,no,southeast,3.0,480.8390342235931
56.0,35.58393896849461,no,southwest,5.0,562.0695403984504
27.0,30.67543010976087,no,southeast,0.0,438.3250006573707
22.0,19.895995421733453,no,southwest,3.0,383.7974641440736
55.0,30.145539964224408,yes,northwest,2.0,665.5730901880593
37.0,22.453875604578133,no,southeast,0.0,466.33994646322736
30.0,32.62834094559442,no,southwest,2.0,488.42853945261123
55.0,26.967362911486617,no,southwest,1.0,514.2576838442965
51.0,32.49340475678616,no,southwest,0.0,517.2746068255491
49.0,34.6105872897193,no,southeast,0.0,568.0756962681814
,26.879937754641396,no,northwest,1.0,546.1065777573963
31.0,16.986650431077596,yes,southwest,1.0,515.0949906871884
55.0,36.37104571700249,no,southwest,0.0,537.9347120012271
37.0,34.84234055437174,no,northeast,3.0,500.4955471574628
41.0,25.283820446987548,no,northwest,0.0,436.25094218025515
42.0,36.9315019649035,no,northwest,2.0,507.5016206634884
62.0,16.766186838370103,no,southeast,1.0,561.1297778432219
46.0,36.03332366541224,no,southeast,0.0,516.7640015982724
,31.3803744960724,no,northwest,1.0,493.550459078177
47.0,29.671217187305345,yes,northwest,4.0,645.0113289830487
64.0,17.931421658356214,yes,southeast,2.0,684.2706427382733
43.0,23.190670944174308,no,southeast,1.0,496.2750231423606
33.0,22.615168036026784,no,northeast,4.0,474.2447249363722
40.0,22.04028900890259,no,southwest,,453.50864859136425
44.0,33.85406485647133,yes,southwest,5.0,620.5296496880222
36.0,23.622147456216723,no,southwest,2.0,445.8478061607226
51.0,38.177746590014806,no,northwest,3.0,508.94741180370863
48.0,26.697444094502558,no,southwest,3.0,520.8150839373392
20.0,34.939080690938816,no,southeast,4.0,462.8365347102537
40.0,26.33738110312641,yes,northeast,1.0,615.497185390889
,39.02339588509594,yes,northeast,1.0,560.9037590102621
18.0,26.31392306697979,no,southeast,2.0,429.58193373680473
59.0,31.7774347160029,no,northeast,4.0,586.5012345087852
23.0,27.543835149717438,no,northwest,0.0,402.5612463849523
58.0,34.133437335065224,yes,northeast,0.0,668.0717738079172
56.0,28.780795241698527,yes,southeast,3.0,680.9998556127326
,34.828319254884676,no,northwest,0.0,460.98325487906357
23.0,,no,southeast,0.0,426.1810649555256
22.0,33.587831095881114,no,northeast,2.0,418.0341485866807
58.0,,no,northwest,3.0,566.3828844342628
58.0,29.574902970748305,no,southwest,4.0,542.255993243989
21.0,28.205501857656216,yes,northeast,0.0,539.226649436538
59.0,34.077304580949885,yes,northwest,3.0,701.8427817503175
54.0,32.494273707768905,no,southeast,2.0,557.6216221860986
56.0,32.71753669426432,no,southwest,1.0,549.6440308300815
20.0,32.20893534116948,no,northeast,0.0,382.2234978195133
36.0,27.530161500696806,yes,southeast,,602.3547989078596
30.0,26.829997573354426,yes,northwest,0.0,532.6742837553753
49.0,21.88782093366641,no,southeast,2.0,526.3161744129565
,32.95573626134697,no,southeast,3.0,533.2994854642232
33.0,28.484471502130855,yes,northeast,4.0,599.2590953290662
44.0,20.464690133199056,no,northwest,1.0,476.6431721969749
42.0,26.686817406155686,yes,northwest,1.0,599.1987223633424
59.0,36.169848392921374,no,southwest,1.0,562.2492094044417
33.0,37.90978335129273,no,southwest,5.0,486.73485024120083
49.0,17.113928361450938,no,southwest,2.0,489.08680368838026
21.0,33.49892796069457,no,southeast,3.0,452.14639624385876
52.0,40.41250987947933,no,southwest,0.0,528.5402132286911
,25.335312446294704,no,southeast,0.0,473.7329885125704
62.0,30.435181251103714,no,northwest,5.0,551.8276963695123
49.0,15.85907460903624,no,northwest,2.0,464.63283301800084
18.0,90.98135001943076,yes,northeast,1.0,508.703849016861
60.0,34.190637923435574,no,southwest,4.0,571.4543584630492
62.0,,no,northwest,3.0,548.314018008132
23.0,32.83282498701979,yes,northeast,0.0,554.649029086593
34.0,23.137741756684203,no,northeast,3.0,450.7631144583916
50.0,34.54120521023244,no,southeast,2.0,566.1497103494594
42.0,16.862185996941687,no,northwest,1.0,446.6514883758018
20.0,28.100371850711813,no,southwest,1.0,402.4496763075822
52.0,28.189974892840393,no,southwest,2.0,497.71057458755865
41.0,35.92664637986195,no,southeast,1.0,534.0894021853424
22.0,38.483485802252154,no,northeast,1.0,468.3109196749999
,27.7444591445282,no,southwest,2.0,487.481174645694
52.0,21.299671456102022,yes,southwest,1.0,626.71206130901
40.0,25.02653715654617,no,southwest,1.0,476.7682255339683
63.0,30.57123642294733,no,southeast,2.0,603.42654944921
32.0,31.485825756833158,no,southeast,4.0,512.544115281208
25.0,28.14066922068253,yes,northwest,4.0,548.7066882520202
39.0,23.808675738618316,yes,southeast,0.0,598.2601866045896
38.0,29.092574930618834,no,southwest,3.0,477.4595769176443
33.0,26.380791330817917,no,northwest,1.0,441.59811643815215
59.0,20.641546103698293,no,southeast,2.0,567.6560670656402
55.0,30.56782973259182,yes,southeast,2.0,715.0173364256917
59.0,36.579397814051916,no,northwest,5.0,555.8037214420186
44.0,96.20604336333119,no,southeast,2.0,487.41122992915876
50.0,27.607535433031366,no,northwest,0.0,471.68020653393467
33.0,,no,southeast,1.0,464.58787612698916
34.0,29.28525912641999,yes,southwest,2.0,582.7058446644289
37.0,34.94216961223687,no,southeast,0.0,518.8306098150351
30.0,34.45484229809958,yes,northwest,2.0,567.7679202769903
22.0,37.2488951832013,no,northeast,0.0,413.15965184783875
46.0,24.211627159650714,no,northeast,0.0,509.77353908481297
,33.72140516020168,no,southeast,0.0,518.6439570227989
32.0,22.40113998265489,yes,northwest,1.0,524.5530617854771
21.0,29.415379416399784,yes,southeast,2.0,571.9853978724294
56.0,23.743762800508293,no,southeast,1.0,536.9125021501623
58.0,23.51955177221255,yes,northeast,1.0,649.6517807052946
22.0,33.05619819222311,yes,northeast,1.0,543.5032796620607
58.0,32.07404695244122,no,northwest,2.0,532.275326519501
34.0,22.188277998958824,no,southwest,1.0,458.43496177359384
32.0,28.001388225685854,no,southwest,3.0,435.8217611547961
40.0,33.87115826080632,yes,southwest,2.0,616.8877274060671
47.0,20.60793499703674,no,northwest,0.0,454.08850082130186
54.0,28.286582462266267,yes,northwest,3.0,656.3171551599038
62.0,31.72182590490428,yes,southeast,0.0,698.3828486871133
36.0,24.949034358669095,no,southwest,0.0,430.5872131795206
42.0,38.83048138535355,no,northwest,2.0,498.7761637921678
28.0,33.92829297555232,no,northeast,4.0,510.0148927980397
,26.474806828815048,no,northwest,3.0,461.51974926492966
34.0,22.122547442440208,yes,southwest,1.0,538.6675610841199
64.0,27.150104340441363,no,northwest,0.0,541.8013034525555
19.0,26.531436235461044,no,southwest,0.0,375.10087181773264
59.0,31.942153621065252,no,northwest,2.0,562.9463529641123
46.0,29.185522115438317,no,southeast,0.0,509.1999479232278
27.0,34.7416181579685,yes,southwest,2.0,577.9578566429062
44.0,34.32070037443679,no,northwest,1.0,495.333352186975
36.0,23.414978931270696,no,northwest,0.0,441.59324730999856
,28.812229177035256,no,northeast,1.0,439.11279778723826
53.0,17.41645207235014,no,southeast,2.0,503.9199619974562
55.0,23.1938481621875,no,southwest,2.0,520.3476392139892
56.0,24.57008965780971,no,southwest,0.0,521.675906092739
57.0,34.312801371599406,no,southwest,2.0,527.2878017907569
18.0,27.087153885600152,no,southeast,1.0,417.315640162059
43.0,36.91967770819499,no,southwest,1.0,493.17588216352334
43.0,34.24997366288839,no,southeast,2.0,535.0874728243278
39.0,30.871885419556826,no,southwest,0.0,457.1778120770839
35.0,26.471712204935827,no,northeast,2.0,480.61944546855733
28.0,25.725389198790808,no,northeast,1.0,428.00711455792475
60.0,34.63131227394591,no,northeast,2.0,559.8695444618786
29.0,27.302669339057555,yes,southeast,4.0,627.2834904996561
31.0,40.03845289865412,no,southeast,1.0,466.0936258483607
35.0,33.71658201667334,yes,northeast,5.0,607.6184734680988
48.0,26.093756931244503,no,southwest,0.0,481.6565483260038
59.0,34.643310554371,no,southwest,1.0,541.7300032008774
58.0,27.596963488407543,yes,northwest,3.0,639.732295388986
24.0,33.285262352669754,no,southeast,0.0,434.5943424146117
36.0,32.215042414349796,no,southwest,3.0,510.67478008522767
57.0,22.39559354166611,no,southwest,5.0,546.4859152364147
58.0,33.73931051071475,no,northwest,2.0,553.0008846644056
28.0,,no,northwest,3.0,422.7345579166308
32.0,20.308551093199565,yes,southwest,1.0,533.7055719387726
46.0,38.53159088341784,no,northwest,4.0,512.4243159510139
34.0,30.08685843169585,no,northeast,2.0,461.56186984837797
36.0,38.477174659004035,no,southeast,5.0,525.4674933693877
36.0,25.64334880250552,yes,northeast,5.0,614.5089440706791
41.0,30.07987500642308,no,southeast,3.0,522.1711833287453
62.0,27.159049324669468,no,southeast,0.0,585.2296392456269
26.0,28.332041982113587,no,southwest,2.0,406.52959332408943
18.0,42.98241412074333,yes,southeast,3.0,577.5388292417913
22.0,26.7382549737344,no,northeast,0.0,398.9457470472732
42.0,37.02335884287552,no,northwest,0.0,488.0993542441136
51.0,31.480031997060994,no,southeast,1.0,540.3721409223509
43.0,30.909838898913108,no,southwest,3.0,494.0314722031258
24.0,40.00919186883587,no,southwest,0.0,419.85271083544427
26.0,31.43472609955361,no,northwest,1.0,424.1414976484246
,24.1191123023967,yes,southwest,4.0,617.9632906848609
52.0,24.578326684837954,no,northwest,2.0,516.3443393868603
42.0,36.67220231949606,yes,southeast,2.0,651.180224476573
27.0,28.18324476499702,no,northwest,4.0,427.8976682529931
31.0,24.188733097564192,no,northeast,1.0,442.72461788659143
31.0,31.55576213290457,no,southwest,4.0,432.9835349117394
46.0,33.87404352942083,no,northwest,3.0,502.2981666776385
25.0,27.726751312189418,no,northeast,2.0,432.7323506907366
62.0,32.45070134446541,no,southwest,1.0,544.1712547122399
38.0,29.63566629523398,no,southeast,1.0,487.90069090775245
35.0,27.343375748422485,yes,southeast,5.0,610.5740575333142
31.0,33.39170822960563,no,northeast,5.0,505.11244708741685
35.0,31.357934236291946,yes,northeast,1.0,596.0701048468131
32.0,40.01232449638919,yes,northwest,0.0,564.1469766440965
24.0,25.723577793660063,no,northwest,0.0,407.6686324255997
34.0,36.07395667134055,no,southeast,3.0,504.1800364650674
47.0,33.80300491673545,yes,northwest,0.0,609.7811680070104
24.0,32.62585103993699,yes,southwest,1.0,557.1549863272527
59.0,33.881456701891864,no,southwest,1.0,565.5263863146552
18.0,29.633349503864647,yes,northwest,1.0,507.31153622860717
43.0,28.093517892315738,no,southwest,1.0,499.31811538878736
47.0,29.82246849612531,no,southeast,0.0,536.4042385523887
39.0,23.22694401511785,no,southeast,0.0,503.9733160182819
39.0,24.998951120311204,no,southeast,0.0,483.93168573151615
56.0,33.95371139075782,yes,northwest,3.0,639.3230980360526
34.0,38.409378762030556,yes,northeast,3.0,623.8022665318719
43.0,33.992087392842365,yes,southwest,,611.2010036494472
43.0,26.81194847651848,no,northeast,2.0,499.70543808714757
41.0,25.825942936397784,yes,northeast,2.0,634.667149558856
35.0,,no,southwest,3.0,491.0241867270475
61.0,23.916039720450982,no,southwest,2.0,559.5469247811185
23.0,38.472034965865916,no,northwest,2.0,439.3321421352524
20.0,38.15089980601782,no,southwest,3.0,412.70390521451685
63.0,25.12543697859939,no,northeast,3.0,577.0197988797996
51.0,38.14028393060339,no,southwest,1.0,541.3178163103705
35.0,30.453790279113445,no,southwest,5.0,446.34347733145756
22.0,32.626984690093316,yes,southeast,3.0,561.9422603515588
32.0,25.40256795204668,no,northwest,2.0,437.1090815684126
21.0,37.76220791960036,no,southeast,1.0,440.7964792544397
62.0,33.74035412486032,no,southeast,2.0,612.9042852703604
35.0,39.95687585192107,no,northwest,0.0,467.6573101696006
54.0,32.52834686662976,no,northeast,4.0,536.2486816827994
41.0,30.443817081652,yes,southeast,2.0,658.9038310530924
27.0,28.759855503707364,no,northwest,0.0,419.261252571661
33.0,28.043732128264885,yes,northwest,3.0,548.6087994322446
43.0,32.797227674116776,no,northwest,1.0,498.78702900729957
30.0,22.9314625675923,no,northwest,4.0,433.43827989378775
31.0,20.016255697798325,yes,southwest,0.0,542.0893550546064
60.0,32.369757566230824,no,southwest,0.0,548.9296924263134
22.0,29.456957129994947,no,southeast,0.0,442.90615014482665
39.0,34.035208985376876,no,southeast,0.0,482.74322099461887
40.0,39.88974114540572,no,southwest,0.0,457.2974240865085
43.0,27.67616630691636,no,northeast,1.0,496.60947277530175
,27.58769801197148,no,northwest,1.0,493.0878466940946
54.0,37.30755516048498,no,northwest,2.0,532.5473189636866
51.0,38.244198872881775,no,southeast,2.0,540.8276297107634
39.0,33.62080082704868,no,southwest,3.0,501.76036788737736
25.0,33.22558945677856,no,northeast,4.0,459.79763890282464
49.0,28.211141487064467,no,southeast,1.0,508.1381009505927
32.0,22.043842365360955,no,northwest,1.0,437.98611182227165
38.0,20.09440734041398,no,southeast,2.0,514.4916183231176
19.0,18.000140020050633,no,southwest,0.0,370.77724720087565
45.0,31.201775176585326,no,northeast,0.0,503.5217949334598
44.0,28.56364622515725,yes,southeast,1.0,661.922240935326
30.0,30.64210748810321,no,southeast,0.0,471.1971110323744
32.0,29.239317332521317,no,northwest,3.0,434.2042641462416
28.0,29.943367914539895,no,northwest,1.0,437.89759864669753
32.0,27.557468099894773,no,northwest,2.0,442.8185478054334
61.0,27.866357058902814,no,southwest,0.0,527.6018163405722
27.0,35.384136857716825,no,northwest,1.0,443.7013090774988
43.0,37.48688724589225,no,northeast,0.0,507.43065294827613
23.0,25.67390790927246,no,southwest,0.0,409.30804157413155
18.0,28.151374576052902,no,southwest,2.0,406.478022366908
31.0,23.798106171698976,yes,northwest,1.0,535.2028269293436
44.0,30.008441548192636,no,northeast,4.0,520.6594515369015
61.0,34.51248580024557,no,northeast,0.0,574.3659105204351
64.0,39.31019463451857,no,southeast,4.0,648.1835448650809
43.0,31.93023978316877,no,northeast,3.0,501.90748713057883
52.0,34.68151118023468,no,northwest,2.0,503.13002903863315
54.0,29.29373382369104,no,southwest,4.0,550.3997362653213
25.0,21.46877287048509,no,northeast,2.0,445.9936236837062
29.0,41.13570828433303,no,southwest,2.0,465.55842161521514
58.0,29.375060467475695,no,southeast,1.0,568.7710176272792
64.0,37.48899400696159,no,northwest,0.0,562.904808641948
42.0,41.58047489924452,no,northwest,4.0,535.6071167275999
44.0,36.959275379411814,no,southwest,4.0,496.6262956456534
41.0,31.38138423288753,no,southeast,0.0,512.0815502556279
,33.420245218008255,no,southwest,5.0,608.9228520384411
40.0,32.491608717657776,yes,northwest,3.0,614.7934925143895
37.0,33.53546852183598,no,northwest,2.0,484.97082493190845
22.0,24.415165027487937,no,northeast,1.0,406.9721176008142
32.0,33.98544402592008,no,northeast,2.0,493.2752494203145
51.0,23.280669448764005,no,southwest,3.0,536.3303877627062
36.0,28.73557127578641,no,southeast,3.0,505.42936803638736
21.0,43.273598525771554,no,southeast,1.0,453.54616468395625
47.0,21.573063188490032,yes,southwest,3.0,622.3087169827556
56.0,37.8715471484775,no,northeast,1.0,570.0405783264251
35.0,29.758049937116738,no,southwest,2.0,437.1254610703822
18.0,20.771032959542314,yes,northwest,1.0,510.97317511402025
33.0,32.69809837579979,no,southeast,1.0,493.67046474800316
23.0,30.645409187827344,no,northeast,3.0,447.9929754935768
57.0,36.23947156832078,no,northwest,,542.9570713049769
31.0,24.845494996272166,yes,southeast,0.0,577.1211047921581
54.0,29.560995076080854,no,southeast,3.0,553.6667481935131
39.0,29.932330127189733,no,northeast,0.0,491.6928483625402
30.0,30.369775107773467,yes,northeast,4.0,616.9024624689531
37.0,30.926378316769505,yes,northwest,1.0,555.1947770227629
,29.176352813877717,no,northwest,2.0,463.7052030644712
38.0,28.50084748624041,no,southeast,4.0,502.73887151716644
48.0,,no,northeast,2.0,522.2829264821398
33.0,26.203167936731717,no,southeast,1.0,458.87555269149624
33.0,43.187219335712,yes,northwest,4.0,621.2282317262586
20.0,19.43935008542461,no,northeast,2.0,386.16582319483456
38.0,27.868344897322295,no,northwest,4.0,472.49931516608666
60.0,26.10896728387815,no,southwest,1.0,515.4341758245621
34.0,27.229719681434737,yes,southwest,3.0,580.6662665708028
52.0,28.98146826023372,no,northwest,1.0,531.0747748277232
,23.580531295689926,no,northeast,1.0,495.599430960776
50.0,26.869320282251877,no,northeast,1.0,508.45038837981986
29.0,37.67636726633478,no,northeast,1.0,466.87773923268145
56.0,26.365659951231688,no,northeast,1.0,525.634435002558
45.0,35.643678281905565,no,northeast,0.0,490.92883018897624
33.0,32.66079132208723,yes,southeast,4.0,633.7007212764266
58.0,31.45105002973649,no,northwest,2.0,530.2641980213605
40.0,31.16491998142159,yes,southeast,0.0,625.699177223051
26.0,37.23796773526221,yes,southeast,4.0,617.929597035755
54.0,29.17336300623716,no,southeast,3.0,589.2816859439306
43.0,34.32000161291944,no,northwest,3.0,492.011158937907
64.0,26.678475778596134,yes,southeast,0.0,716.7482493842531
