TV_Budget,Online_Video_Budget,Radio_Budget,Region,Sales
197.85,179.15,74.08,East,744.0
107.19,93.54,71.75,West,438.14
203.31,180.09,73.71,North,748.32
94.73,85.83,82.32,West,424.14
235.28,210.63,71.74,East,837.89
117.67,110.37,18.48,East,430.27
241.09,212.7,93.51,North,882.78
97.06,86.63,43.2,North,378.62
292.57,255.05,97.06,East,1056.33
177.53,153.44,69.77,East,676.31
138.26,116.48,22.39,South,478.67
249.49,220.09,15.99,East,797.23
213.2,187.18,84.19,East,809.33
227.88,205.4,29.69,West,744.91
233.17,218.94,96.59,East,868.15
151.91,135.99,94.23,North,614.4
256.21,229.06,60.47,East,877.27
249.15,217.51,58.23,West,848.92
,159.63,22.24,South,571.85
256.7,221.6,51.76,West,849.45
94.34,88.39,23.99,East,352.49
77.88,65.16,54.77,South,333.55
225.02,194.63,13.98,West,707.48
271.75,245.99,18.74,South,867.68
114.71,105.63,83.79,East,490.48
77.53,68.66,87.5,South,383.67
216.99,195.55,71.52,South,783.93
158.19,136.17,1165.68,North,533.68
252.67,222.56,99.86,North,919.5
207.08,190.54,43.55,West,706.49
175.64,151.36,72.51,East,668.28
143.79,123.22,67.63,West,536.93
90.6,79.49,88.08,South,436.71
69.27,62.11,46.38,South,301.47
162.34,135.07,57.6,South,611.18
,244.54,81.37,North,970.84
,131.37,92.98,South,595.74
90.07,81.92,43.28,North,354.0
167.49,148.56,38.77,South,586.21
260.01,230.74,37.64,South,873.19
272.75,245.85,82.22,West,954.36
168.4,155.41,92.12,South,659.63
145.61,126.16,19.85,West,474.99
119.47,110.24,72.23,East,494.53
158.81,143.41,62.73,North,586.0
120.74,116.44,89.27,North,519.67
118.87,115.51,64.85,North,455.32
245.25,215.41,98.91,North,889.42
107.92,91.25,55.31,East,451.09
264.53,242.45,44.7,West,889.73
62.67,52.36,26.69,East,248.98
81.25,66.52,17.53,South,294.98
253.16,227.48,66.09,West,871.93
98.29,85.01,86.05,West,436.1
180.52,151.78,73.42,East,696.13
232.14,212.25,37.43,North,784.79
214.28,184.88,11.98,South,690.91
97.23,96.25,16.99,South,340.13
244.13,225.26,26.97,South,783.82
277.52,250.79,62.08,South,953.72
252.54,229.18,49.22,East,857.28
120.4,106.1,97.81,West,520.74
192.37,168.94,79.71,South,733.3
215.39,202.64,27.32,West,702.98
,216.57,76.76,West,851.92
55.3,53.73,45.65,South,277.48
194.47,170.91,33.02,West,636.33
229.48,206.96,50.99,South,776.24
193.75,176.85,75.06,South,712.56
198.8,176.98,12.31,South,665.57
,255.95,43.86,South,939.51
188.25,176.46,77.81,East,718.14
128.56,113.63,63.42,South,522.42
266.01,243.28,88.9,East,942.49
141.65,129.74,85.56,West,563.98
73.31,68.91,73.08,South,371.71
164.25,140.85,49.7,East,592.49
232.52,203.57,18.56,West,739.25
232.05,209.38,33.15,North,771.0
63.85,51.64,67.48,South,327.96
270.3,249.57,14.99,South,867.28
291.74,263.73,74.76,South,1032.82
292.81,267.48,22.6,North,934.67
200.59,175.61,52.45,North,684.57
186.68,167.97,16.17,West,606.78
263.33,240.34,80.72,West,929.72
190.83,176.03,28.13,East,633.53
277.59,244.61,12.58,South,887.14
169.36,157.13,35.27,East,579.53
157.13,141.65,65.04,North,587.07
268.28,238.29,26.3,North,858.54
289.62,254.12,87.34,South,1036.22
208.76,193.17,33.38,East,717.65
96.12,90.06,50.03,North,382.25
238.66,215.17,14.29,East,790.5
109.07,101.53,35.77,East,417.29
,178.85,12.76,West,636.5
100.13,98.39,41.94,North,387.31
,235.07,22.26,South,852.08
242.88,218.68,29.98,South,778.74
56.41,51.64,27.14,East,253.71
64.31,49.59,83.1,East,336.37
79.03,64.43,77.99,South,381.92
227.33,208.93,74.75,South,828.66
243.62,212.54,31.04,East,819.44
98.85,93.77,67.31,East,437.28
51.08,37.45,94.78,East,354.49
273.24,244.89,62.85,West,938.09
202.23,181.84,46.19,North,694.49
188.69,167.12,48.59,West,646.43
101.13,92.59,26.66,South,382.89
133.92,120.19,95.2,North,556.22
223.65,201.89,73.34,South,815.97
106.58,93.07,95.39,West,482.16
276.29,246.18,44.41,North,921.71
148.57,137.14,67.97,West,578.17
188.29,173.88,29.17,West,618.6
190.3,169.98,97.97,South,758.3
222.33,198.4,51.66,West,763.5
81.91,83.78,17.1,South,281.36
248.72,220.58,63.41,South,875.19
133.78,111.89,67.13,West,513.05
187.37,167.56,44.12,East,670.78
,111.84,13.43,North,432.64
294.53,263.51,69.91,East,1016.25
184.29,178.4,86.69,North,712.75
51.27,39.04,39.23,North,244.75
261.58,239.96,55.37,South,891.0
282.36,253.88,53.33,West,927.22
161.93,145.09,32.06,South,572.14
100.36,91.41,23.16,West,341.31
193.64,169.75,67.15,North,689.07
71.44,68.45,65.4,North,335.64
270.44,239.17,84.39,North,953.51
,232.23,22.86,West,798.91
87.31,88.54,44.74,West,331.28
173.58,165.0,39.51,West,589.99
98.11,86.35,13.07,East,348.78
160.49,143.18,38.77,West,538.49
201.68,183.56,69.83,East,732.83
273.52,246.75,18.51,South,884.85
94.38,83.35,37.67,South,375.87
178.79,163.66,45.41,West,613.6
199.83,184.34,14.95,East,651.53
185.98,163.56,28.76,North,630.1
57.95,55.38,63.64,North,293.53
57.62,48.82,94.36,East,361.28
257.76,232.11,72.25,South,892.67
297.84,269.39,24.12,West,948.73
236.9,218.53,80.65,West,852.33
284.65,246.2,10.29,South,902.8
257.17,230.06,15.28,East,824.62
247.38,216.12,50.11,South,846.88
114.94,98.43,44.58,North,405.42
298.41,276.49,89.95,West,1051.86
202.21,178.69,71.06,East,747.62
,272.45,85.27,South,1042.51
107.7,93.03,37.09,South,400.19
168.08,152.22,19.81,South,575.6
194.77,179.67,50.92,North,681.7
230.84,206.04,62.77,East,816.3
279.6,254.56,94.79,North,1008.66
108.32,92.74,83.77,North,485.78
210.51,192.67,29.74,West,698.59
57.73,45.76,35.91,South,255.86
142.32,123.33,21.4,West,478.77
62.13,49.89,37.72,East,267.81
235.48,218.06,73.92,West,836.4
141.92,123.56,45.78,South,524.38
265.15,235.29,82.23,North,956.25
157.68,148.74,29.39,North,539.4
,193.78,76.27,South,754.1
249.71,228.23,37.9,South,846.5
287.77,255.7,37.79,West,931.35
238.6,210.84,48.64,South,819.06
146.16,125.05,81.8,North,588.99
90.95,86.39,81.9,North,414.51
80.12,57.92,18.84,South,294.07
101.88,89.22,48.86,East,427.63
130.03,124.44,95.99,West,550.25
127.49,112.13,92.77,North,548.31
289.21,258.97,31.25,North,934.83
113.49,103.99,84.29,West,462.56
156.89,135.48,39.65,East,560.89
159.94,151.65,34.63,North,548.7
63.91,42.8,21.92,West,232.58
112.16,101.82,32.6,North,400.78
276.18,247.05,71.8,North,960.59
116.8,110.21,74.56,South,492.36
201.1,188.12,34.05,South,685.63
,263.25,10.82,North,887.75
138.65,119.3,50.45,West,493.16
155.74,140.74,62.98,West,576.51
260.56,236.12,71.96,East,941.41
171.09,162.75,66.91,North,648.59
264.33,238.75,69.76,South,928.52
125.55,109.87,71.99,West,509.81
271.28,243.62,35.78,West,880.23
294.06,252.38,29.28,South,961.05
,65.15,40.72,South,315.29
107.75,89.11,95.08,East,494.15
92.07,81.97,38.93,South,375.55
290.81,258.12,50.27,North,948.07
126.52,119.37,84.37,West,526.61
289.62,267.26,83.52,West,994.18
291.34,271.06,39.46,East,950.15
196.67,173.49,71.17,West,700.89
60.09,52.4,16.99,North,242.58
245.01,215.65,35.45,South,819.88
111.7,106.38,32.53,North,409.93
,52.4,64.7,South,324.84
250.97,222.36,99.89,South,945.06
180.71,162.33,22.03,East,627.24
201.68,186.64,18.21,North,654.72
196.99,172.95,89.7,East,758.04
75.42,77.1,89.27,South,376.99
281.88,255.74,98.64,North,1031.03
220.44,199.87,89.55,West,818.82
96.2,90.12,43.6,South,396.89
147.96,133.22,21.92,West,502.48
258.35,232.01,73.3,South,908.08
82.84,80.47,44.58,South,326.2
128.46,112.17,61.39,South,510.49
298.17,264.55,24.42,North,961.11
285.06,259.52,24.6,East,919.19
270.48,245.39,34.5,South,876.12
170.55,154.6,42.92,West,567.97
249.37,222.94,14.95,West,801.18
282.39,259.23,75.34,West,992.26
218.91,196.91,41.79,West,734.15
183.34,169.46,91.55,South,713.59
258.79,229.81,30.25,East,850.98
124.09,109.07,36.37,West,443.19
278.98,265.18,68.13,South,987.02
220.87,205.19,97.04,East,850.29
162.1,145.02,65.47,North,602.02
199.71,185.13,13.74,South,640.96
270.16,236.65,26.03,West,870.99
205.23,180.37,19.59,South,675.44
229.03,204.51,14.41,North,721.27
237.21,215.6,73.25,South,853.06
116.46,106.41,48.57,North,440.5
182.31,170.77,50.84,North,654.08
246.36,227.8,47.53,West,819.49
,251.82,71.3,North,961.49
289.39,260.93,36.29,West,945.19
64.8,63.2,95.74,North,369.11
251.29,218.94,61.49,West,870.01
297.85,262.65,16.3,East,950.55
195.84,181.34,93.78,South,758.49
295.19,268.42,47.89,South,971.58
159.54,148.49,26.1,West,527.28
78.47,65.0,52.77,North,347.27
56.24,56.52,66.8,South,308.47
87.15,79.73,54.03,North,364.86
115.39,106.32,60.71,West,445.12
253.05,225.34,17.92,West,795.1
246.93,229.93,36.3,South,834.93
,156.19,11.12,North,569.91
173.98,152.37,91.05,North,671.62
221.78,197.69,53.32,South,757.55
141.32,117.22,25.29,East,493.42
149.9,136.49,25.32,West,523.99
69.95,51.66,39.93,East,310.25
206.17,181.74,30.21,East,686.26
278.95,251.63,17.55,West,881.68
155.05,144.48,90.36,North,613.66
264.71,238.38,30.45,South,887.1
185.61,168.09,38.34,East,637.01
276.63,240.87,46.92,North,939.91
78.41,72.87,51.57,North,330.0
151.65,135.51,95.65,North,617.91
90.2,78.0,31.24,West,358.66
78.05,73.08,30.5,North,272.09
272.61,249.41,78.24,South,965.17
201.79,179.05,31.32,North,674.81
105.39,93.52,77.81,East,461.11
205.52,194.38,21.56,East,673.04
138.43,125.6,67.24,West,531.18
122.2,115.35,19.45,West,412.23
259.51,236.23,70.39,South,911.64
263.34,233.36,46.95,North,878.41
54.03,47.51,78.05,East,308.92
56.0,52.09,32.97,North,231.83
248.51,215.81,50.23,East,860.29
290.87,255.93,76.99,West,981.24
150.71,145.04,88.86,South,616.76
108.75,104.68,17.66,West,362.66
271.22,245.88,84.65,East,980.42
280.32,250.16,27.65,North,909.38
55.24,47.24,15.56,South,201.06
298.81,268.66,52.13,North,979.61
72.93,68.25,74.54,North,348.57
241.57,210.92,96.12,North,887.26
290.8,269.85,26.12,East,949.08
163.44,145.55,34.09,West,545.4
181.74,162.31,68.39,West,678.62
143.11,132.12,780.17,East,490.58
82.2,61.54,99.45,West,404.74
153.06,146.88,30.76,North,525.39
70.48,55.6,44.65,North,305.1
101.96,86.18,57.61,West,398.36
237.49,216.17,44.52,West,791.01
138.31,119.54,35.6,North,498.83
,264.47,87.42,North,1046.14
106.95,96.64,36.5,East,399.96
,150.85,81.47,South,672.78
118.36,112.08,37.81,South,449.81
64.76,51.56,12.68,West,220.97
84.54,79.84,92.3,East,437.27
262.0,226.66,82.87,North,943.15
177.3,157.42,25.81,South,612.92
174.07,162.8,47.52,East,628.28
238.38,211.8,60.7,North,819.13
,184.79,34.58,North,665.8
279.96,250.6,37.42,North,925.88
95.92,85.86,12.24,South,342.27
191.01,172.79,24.69,South,634.64
,159.07,96.27,East,703.88
124.63,119.34,91.59,North,527.54
70.91,56.39,69.18,East,359.69
217.96,193.43,48.99,North,753.1
289.46,254.14,45.09,West,947.18
80.2,74.41,94.59,North,421.77
158.83,146.48,99.08,East,655.01
209.85,184.36,24.76,North,684.24
157.73,142.54,85.81,West,597.73
154.9,142.95,26.09,North,529.27
141.3,125.37,28.7,South,495.83
138.73,122.39,73.84,North,528.99
241.49,216.11,91.5,West,890.46
73.42,59.93,20.53,West,258.68
293.96,267.96,22.06,East,943.79
128.31,122.28,94.55,South,572.8
285.05,249.91,47.48,South,953.8
138.68,125.4,56.32,East,535.35
129.7,118.53,71.0,South,506.28
103.02,98.38,22.51,East,390.63
,128.18,33.76,North,497.97
234.82,212.06,98.74,South,881.69
288.08,258.44,41.49,East,951.91
269.45,243.68,34.17,North,895.92
139.89,117.42,75.64,East,562.08
225.7,191.09,43.56,East,770.8
145.65,134.93,46.77,North,530.25
97.2,82.54,84.52,North,448.77
281.74,249.58,38.47,South,945.23
,82.07,62.32,East,396.71
143.6,135.57,84.39,South,602.65
138.03,125.4,93.64,East,591.4
121.14,106.63,86.12,North,507.07
178.79,156.86,21.8,South,606.79
130.38,107.51,23.68,North,446.16
226.65,211.99,75.35,West,807.1
90.56,84.02,26.85,East,340.19
173.66,155.6,53.98,East,648.34
224.0,203.66,93.68,North,824.02
86.76,76.74,44.08,West,350.99
118.14,103.4,61.61,West,452.33
173.43,150.42,94.35,South,700.97
103.05,89.3,38.38,North,397.3
276.78,248.34,95.5,West,1006.8
297.66,260.19,39.25,North,966.08
68.7,61.92,64.64,West,311.79
215.74,194.92,68.36,East,786.53
70.57,54.48,87.61,North,343.83
196.47,177.78,72.91,South,735.39
50.45,51.1,23.31,East,228.43
222.2,198.36,37.33,West,722.18
94.42,93.9,86.39,West,423.03
178.73,154.44,82.66,West,676.26
121.05,116.29,91.59,West,513.1
135.26,112.92,85.26,South,563.62
236.96,226.06,40.51,West,784.03
123.82,108.3,56.23,West,480.06
182.19,158.36,56.77,South,655.41
110.19,93.87,12.12,West,343.21
196.85,173.72,53.48,West,674.47
82.09,73.63,72.09,North,398.42
173.71,154.29,62.8,North,630.89
208.97,183.95,44.06,East,729.04
79.43,64.73,42.82,North,321.58
192.96,172.02,25.04,West,623.07
145.17,137.01,94.63,North,602.75
246.37,216.91,54.04,East,858.36
135.95,128.18,59.0,North,517.12
265.62,243.79,40.6,South,882.13
161.92,148.21,38.96,South,579.55
239.31,208.42,18.83,South,775.71
68.8,66.03,48.57,North,335.47
254.34,230.65,67.65,East,892.38
134.54,123.95,89.13,West,566.55
138.13,116.56,78.56,East,574.04
89.54,87.83,37.24,South,346.81
246.06,221.62,82.59,East,878.89
219.75,201.5,70.31,South,800.41
149.87,130.43,64.39,North,574.7
181.44,158.95,88.94,West,702.61
158.63,138.22,50.32,West,565.23
284.17,251.76,33.16,West,935.51
240.53,215.58,30.28,South,791.29
101.61,87.09,97.29,East,480.8
228.41,208.33,65.73,East,835.31
207.09,185.01,63.57,South,756.78
146.52,133.74,90.76,West,601.22
70.98,72.09,23.82,West,270.15
187.55,165.3,93.57,East,746.47
71.62,67.54,44.01,West,282.05
220.59,200.52,68.24,East,792.84
197.85,178.07,41.6,North,664.47
139.06,117.74,17.61,South,482.96
273.85,243.8,38.14,West,913.28
149.68,139.91,94.45,East,637.36
195.01,178.8,60.57,North,694.38
202.92,187.1,44.75,South,692.4
215.8,193.49,54.65,South,758.0
220.07,200.7,10.71,North,684.33
235.03,211.86,39.63,East,808.36
224.73,212.08,95.46,South,858.95
87.4,85.76,23.36,North,321.36
121.9,106.22,45.94,South,485.39
114.27,112.77,99.5,South,518.12
,106.74,68.92,East,474.92
234.33,214.77,46.79,East,814.65
224.37,203.01,44.18,South,773.51
173.28,153.39,51.57,East,645.57
,139.33,92.51,North,629.89
186.45,172.62,59.74,North,654.32
282.87,255.67,86.96,West,1019.56
71.22,66.41,49.06,North,312.61
269.92,236.78,54.07,South,921.28
299.95,271.32,10.99,East,969.05
78.82,74.64,39.29,East,329.01
199.57,180.02,89.5,East,770.77
291.78,271.63,31.2,West,919.78
260.37,236.53,41.13,North,866.56
,218.44,25.73,North,772.11
292.4,260.14,72.66,East,1019.35
272.01,258.33,80.21,North,967.24
275.11,238.14,69.24,West,935.03
238.18,211.83,89.17,West,875.15
147.33,123.1,94.67,North,601.61
285.72,269.36,73.83,South,1007.24
272.96,238.64,67.89,South,966.89
77.11,66.73,36.78,North,308.86
182.89,161.1,80.31,South,701.25
154.29,138.76,40.22,West,552.73
283.46,257.88,42.18,South,941.63
196.81,182.11,45.51,South,674.84
286.7,249.81,82.7,South,1026.33
136.28,124.75,85.9,East,563.76
179.02,153.91,72.39,East,670.76
213.02,196.24,51.4,West,739.71
236.11,214.35,69.8,South,828.18
125.44,108.89,11.37,West,410.47
191.89,170.43,86.27,North,729.22
230.06,211.38,35.28,West,753.21
279.38,250.75,99.07,South,1008.44
175.71,166.79,79.49,West,659.36
202.07,184.84,29.65,West,660.86
283.47,254.6,10.29,West,884.88
260.88,225.4,73.32,South,937.34
,198.7,54.28,East,782.34
218.88,187.38,71.32,South,789.38
195.71,173.94,13.26,East,631.14
207.02,186.36,53.91,South,734.81
229.35,212.02,62.66,West,788.26
162.61,144.78,72.79,North,625.34
225.21,205.44,78.35,West,823.56
143.46,135.25,96.38,West,600.3
234.98,200.47,83.81,West,841.52
270.16,239.02,90.59,East,1007.56
281.64,244.04,88.09,North,1004.24
247.51,222.18,60.39,East,874.41
245.63,220.23,87.4,South,896.26
75.25,68.63,39.17,South,324.06
220.48,197.32,74.29,East,811.61
179.85,159.35,85.13,North,677.17
124.43,113.73,23.17,South,435.01
245.78,220.14,38.83,South,828.29
200.35,175.38,68.79,South,737.09
178.94,160.65,79.14,West,671.21
295.34,274.71,20.66,North,928.6
168.25,162.58,69.64,East,654.24
126.23,118.3,89.34,East,547.35
249.0,214.11,87.18,South,927.62
,95.15,50.64,North,428.36
98.74,85.07,29.46,North,359.16
168.51,154.83,96.53,South,675.42
212.08,182.96,50.39,East,737.58
173.93,166.96,36.14,East,597.49
69.09,64.66,19.86,West,240.7
163.69,150.39,99.74,North,689.77
256.68,229.41,91.93,North,941.98
298.0,268.23,60.44,North,1015.14
247.45,221.07,29.95,West,805.54
256.91,227.24,96.34,South,944.95
,146.39,61.46,West,585.65
236.26,212.12,60.5,West,826.54
149.97,140.37,54.18,West,562.67
257.27,227.98,81.54,South,925.23
292.51,271.56,27.43,South,954.72
262.32,234.38,53.24,South,902.86
158.55,139.46,51.3,West,573.36
187.84,171.62,99.02,North,709.34
86.15,73.89,83.83,West,397.02
298.48,268.86,91.19,East,1064.56
57.09,53.37,66.24,South,272.48
241.51,221.26,78.61,East,882.96
227.68,200.36,80.71,North,835.79
165.89,154.88,77.19,East,656.3
51.83,56.24,51.41,West,218.36
79.46,75.88,18.02,East,299.73
180.43,159.89,92.29,North,694.83
203.88,184.18,2026.92,South,689.94
254.16,239.23,34.78,East,845.91
86.33,83.68,70.02,North,374.06
202.62,172.73,75.55,East,742.65
141.35,114.23,32.26,North,487.78
202.41,182.86,41.41,West,686.69
247.63,219.76,23.88,West,783.28
109.69,101.56,98.31,South,514.51
179.3,173.69,45.26,East,642.12
214.89,191.26,71.58,South,765.69
235.17,207.52,46.87,South,813.48
73.38,69.07,78.06,East,368.65
243.55,218.61,27.08,East,812.86
178.83,161.17,32.56,East,615.22
214.9,186.71,38.3,North,707.85
194.27,179.24,17.32,West,612.59
90.79,82.05,71.49,West,389.29
275.94,249.16,99.83,North,1005.79
144.98,139.08,35.36,South,505.65
,206.59,95.25,East,889.92
110.46,94.22,10.16,East,387.95
122.14,107.47,18.79,North,394.1
241.38,213.95,60.52,East,840.93
61.55,55.67,66.07,South,320.92
69.91,54.39,77.77,East,359.62
265.84,243.37,15.69,East,851.81
186.52,173.5,83.95,West,683.61
195.96,183.26,32.43,East,673.16
222.13,210.2,30.46,East,760.44
248.32,220.13,54.04,East,864.74
191.76,171.9,11.13,East,620.52
112.63,106.09,35.29,North,412.76
155.25,128.97,55.21,South,571.54
204.46,180.98,89.02,South,782.9
288.36,264.12,41.13,West,946.41
114.63,107.18,29.21,North,413.24
266.19,233.77,25.43,South,862.96
,75.56,98.54,South,461.54
190.7,165.39,40.78,South,649.71
160.54,145.66,35.33,North,555.95
244.21,212.36,86.59,West,892.54
123.23,108.98,42.64,North,451.72
132.03,115.22,71.92,South,543.32
105.76,92.94,32.46,North,377.03
272.1,254.22,42.02,West,887.68
213.95,188.38,89.13,South,800.89
208.18,191.02,69.71,East,755.89
199.61,181.9,16.16,South,663.62
54.11,53.88,46.38,South,253.18
103.33,93.31,72.84,East,449.81
,176.26,14.55,North,628.08
288.69,264.96,91.31,North,1010.98
226.44,201.75,28.26,South,755.01
290.17,261.49,11.29,South,905.18
152.89,135.64,47.52,North,549.39
,57.37,37.5,North,289.66
127.7,111.66,3020.5,West,468.49
278.61,256.91,50.72,East,934.35
226.72,196.86,57.45,West,779.34
57.55,45.72,47.18,East,287.7
198.72,174.35,12.57,North,630.19
197.54,185.74,62.9,North,718.71
217.15,201.41,54.55,West,750.1
143.04,132.92,41.63,East,531.9
197.24,171.15,19.36,South,659.0
296.94,272.17,30.19,North,946.39
260.09,233.4,51.83,East,895.01
286.15,262.23,38.35,West,934.07
50.35,41.41,76.57,South,292.53
244.1,227.35,75.53,North,879.94
,159.0,85.07,North,646.94
188.57,167.54,37.54,East,636.11
273.51,244.12,28.66,West,872.33
71.34,62.97,93.09,South,373.91
179.48,159.1,93.78,West,675.12
124.58,107.79,10.83,West,421.87
253.56,230.13,58.4,West,860.41
176.36,154.25,99.95,South,696.72
288.76,265.79,68.92,East,1003.1
287.43,258.56,49.27,South,986.31
209.98,194.09,18.68,South,687.25
177.28,165.4,75.92,East,683.18
70.37,67.28,26.1,West,283.19
108.92,89.15,63.28,South,461.73
119.9,101.88,72.84,East,511.6
122.65,117.26,55.64,West,469.96
285.54,250.25,66.42,West,984.01
279.78,246.52,35.91,East,947.86
,65.35,16.04,East,283.55
104.5,93.84,70.49,North,436.1
69.59,53.78,11.15,West,241.7
208.33,184.2,28.89,South,698.61
171.67,154.58,61.85,East,656.29
173.59,158.18,49.33,South,622.64
54.81,40.83,73.1,South,323.68
,72.25,23.44,East,302.71
130.33,116.8,28.37,East,459.43
100.25,93.47,90.06,North,459.15
94.51,78.2,30.15,East,360.73
260.6,235.28,60.07,North,916.53
68.65,57.23,89.23,East,376.63
,264.35,75.4,East,1022.48
202.23,182.89,93.99,South,768.62
277.09,249.2,17.92,East,893.33
191.83,158.84,62.2,North,700.13
182.77,160.96,54.03,North,649.52
190.84,169.97,21.61,North,630.76
269.02,243.89,24.32,East,860.91
224.65,204.99,82.93,North,829.82
163.55,148.72,75.6,West,598.07
238.8,215.75,97.54,East,892.28
239.56,223.86,50.81,East,821.97
214.78,196.1,41.43,North,727.32
68.47,62.96,29.02,South,285.4
52.3,48.68,92.97,West,311.36
177.97,156.52,65.91,South,672.48
165.47,147.52,73.34,North,612.98
131.64,121.73,85.03,East,558.41
105.64,93.43,49.06,North,433.31
243.6,216.72,47.71,East,855.01
65.98,58.06,66.05,South,339.4
209.76,184.12,25.75,North,681.27
229.07,202.81,77.79,East,823.13
244.21,221.53,79.37,North,877.14
128.42,112.11,31.03,East,470.94
259.97,237.96,15.95,West,828.99
100.77,92.79,95.07,East,481.95
189.3,174.61,75.2,North,689.12
290.6,264.59,40.72,South,955.59
267.8,246.72,30.63,East,891.47
136.01,113.33,22.89,South,464.08
204.09,185.15,77.99,West,738.13
205.98,191.74,15.71,East,672.77
53.82,43.08,62.84,South,287.56
174.99,156.05,72.9,West,639.4
147.88,135.28,65.79,East,564.35
226.97,201.29,35.37,East,765.04
104.94,97.64,86.64,South,472.01
254.91,232.72,93.19,East,944.84
270.44,247.3,55.49,North,915.5
248.37,226.66,81.19,West,880.81
,94.75,53.86,West,413.65
186.96,166.86,83.37,West,693.41
66.64,56.93,52.2,South,297.96
108.71,95.91,77.12,East,461.75
115.67,107.34,59.95,North,468.53
197.95,183.03,38.7,East,704.67
182.88,159.14,63.81,North,640.79
101.77,91.39,37.58,North,383.58
83.39,76.97,19.32,South,332.72
285.44,263.87,79.18,South,1007.32
148.57,132.99,81.39,East,601.42
89.87,89.06,22.73,North,336.42
157.44,144.23,69.34,South,622.69
284.08,261.21,69.88,North,990.52
232.81,199.23,93.2,North,844.7
119.7,108.71,48.5,North,453.35
166.34,149.08,55.69,North,601.66
53.21,42.68,15.32,West,205.38
81.72,75.31,79.45,East,416.84
159.96,141.38,81.61,North,614.03
199.28,174.85,79.86,North,751.21
166.45,151.71,64.36,East,623.73
128.8,109.25,23.55,North,444.19
201.32,187.32,82.81,East,765.84
174.26,155.85,68.11,East,660.95
191.61,162.91,42.09,South,671.76
156.83,137.73,25.85,East,543.12
176.76,167.27,30.43,North,599.49
142.2,123.46,30.97,West,477.84
194.57,175.71,37.92,East,670.38
260.47,231.61,99.6,East,976.35
214.6,193.66,25.85,East,707.03
299.8,266.23,97.39,North,1069.77
164.66,156.45,23.16,East,572.82
236.91,219.67,59.7,West,845.4
145.82,133.15,26.58,North,484.92
212.08,191.91,63.1,West,737.04
90.37,76.83,43.39,South,361.12
72.19,66.7,82.65,South,367.57
129.67,119.89,28.46,North,464.08
276.31,249.89,28.97,North,896.34
262.54,225.6,52.49,West,874.13
218.66,193.73,16.96,West,696.66
,252.11,26.7,East,902.5
235.62,214.4,87.9,West,856.67
84.03,61.43,94.48,West,413.78
88.54,81.59,66.73,South,391.37
209.76,191.38,15.52,South,658.15
245.34,219.01,11.51,East,798.69
281.03,247.55,16.56,East,903.91
166.92,150.92,13.88,East,544.53
180.14,157.95,81.99,North,681.63
294.15,256.2,41.33,North,955.26
185.03,163.08,28.77,North,619.25
251.43,228.79,42.75,South,847.3
164.75,149.04,93.72,East,672.47
242.43,227.5,30.52,West,780.07
122.61,112.19,69.3,North,487.88
244.42,220.59,31.9,South,813.58
269.86,244.22,71.15,South,933.57
199.64,193.29,77.81,West,711.6
108.88,92.49,28.33,West,367.84
86.42,77.03,20.6,East,332.55
115.84,104.33,83.2,North,493.97
145.24,121.02,80.42,West,577.48
255.68,227.22,17.91,South,814.67
95.75,87.12,87.89,North,444.75
142.39,122.89,68.71,West,548.56
162.97,149.35,76.31,East,644.26
109.65,106.23,88.9,East,502.01
279.32,257.77,17.5,North,897.18
176.77,160.05,28.65,South,608.68
185.37,162.82,63.13,East,698.49
299.63,269.56,98.73,North,1076.54
198.21,174.25,49.89,South,706.07
211.09,195.53,50.02,West,729.25
,212.64,52.4,South,808.11
135.62,122.92,41.66,South,480.99
209.34,193.17,78.48,East,775.53
,77.12,43.29,South,329.0
294.03,266.33,57.13,West,993.85
189.96,173.24,44.62,West,644.51
143.7,134.74,61.73,South,549.59
98.64,93.04,67.47,South,415.55
184.2,172.37,58.04,South,683.64
231.09,211.49,13.0,West,717.36
,112.81,15.96,West,406.94
264.66,231.09,12.38,West,831.07
256.77,232.99,55.73,North,875.81
154.14,143.26,85.69,South,637.27
74.38,63.98,74.69,North,367.38
232.57,208.93,46.98,South,790.28
234.25,214.37,49.43,West,783.83
230.95,206.74,72.32,East,841.69
267.39,229.68,87.4,North,959.6
219.71,194.86,27.15,West,715.4
276.63,243.02,14.88,West,864.92
,196.13,21.07,North,703.46
58.47,51.78,17.44,North,233.1
261.81,230.6,44.8,North,849.84
229.46,207.98,22.13,South,759.46
232.87,206.11,85.39,North,858.76
145.84,142.86,26.28,West,508.93
104.88,95.08,60.27,East,424.96
162.84,147.39,52.34,South,561.43
223.69,198.9,18.08,South,732.84
72.22,60.59,30.01,South,285.16
58.18,48.64,40.88,East,282.48
234.65,219.2,65.79,North,812.24
171.23,149.35,53.75,North,617.47
,117.09,11.04,East,451.11
121.06,111.05,74.74,West,493.53
226.92,201.22,96.24,North,847.73
213.02,186.44,79.14,North,782.01
178.55,154.81,83.1,West,677.64
223.8,193.9,22.99,South,726.33
152.51,135.78,24.61,North,502.67
103.03,92.82,77.01,North,440.38
60.04,46.01,67.11,North,304.27
112.88,93.95,52.96,North,455.14
90.19,74.43,92.94,South,436.61
85.17,77.58,91.66,North,423.32
242.56,216.53,71.49,South,859.17
181.37,166.51,74.52,South,688.58
278.02,252.44,14.95,West,850.3
129.84,116.6,35.66,West,467.62
132.75,118.05,14.04,West,443.07
171.89,146.65,45.23,North,594.22
246.2,214.69,98.47,East,924.88
85.62,77.33,82.09,West,402.95
176.45,153.43,71.61,South,674.43
107.95,103.84,41.93,West,409.79
166.93,148.16,44.42,East,617.03
148.84,126.58,75.67,North,569.85
53.21,43.45,59.14,West,267.47
259.52,236.3,60.99,South,887.0
254.54,233.75,19.61,East,827.92
294.91,270.6,57.1,North,978.36
82.18,74.48,67.39,South,382.66
107.01,99.68,66.44,South,434.63
280.65,259.03,37.31,North,911.23
125.0,118.29,73.1,South,503.6
,213.34,82.43,North,821.74
181.45,164.36,46.15,South,628.45
217.96,194.1,72.88,West,768.27
273.84,245.36,43.03,North,912.89
277.55,242.44,62.8,South,963.7
208.06,183.72,21.29,West,662.13
55.32,49.74,47.3,North,273.07
244.26,219.67,15.7,North,767.54
249.4,224.69,59.87,North,867.91
229.71,212.37,14.25,East,756.48
229.83,209.93,14.0,West,734.54
114.73,94.9,38.6,West,426.89
183.11,153.9,39.04,South,653.51
171.84,155.71,59.4,North,626.56
147.6,116.16,12.67,West,479.88
139.56,118.97,16.39,East,480.41
150.42,123.23,63.85,North,557.17
103.83,91.47,51.06,East,419.61
132.72,113.1,14.98,West,448.52
267.96,239.01,89.38,West,958.42
63.68,64.46,52.65,North,290.7
104.13,98.57,72.92,West,453.77
91.63,81.02,35.35,South,351.49
268.66,245.28,64.4,North,913.11
148.84,136.33,34.7,West,493.9
152.34,141.37,89.66,West,609.74
231.15,207.52,66.47,West,818.83
241.6,210.53,65.73,South,853.82
81.8,67.63,84.08,North,375.78
201.7,184.34,42.37,North,691.06
142.84,123.08,77.67,East,574.62
154.19,140.45,67.75,West,569.54
138.94,126.97,67.14,West,546.2
,72.99,93.15,West,404.6
185.24,163.71,31.39,West,631.07
105.76,99.91,12.01,West,349.59
149.86,134.41,10.3,North,463.81
281.9,254.84,91.4,North,1012.46
62.61,55.62,38.15,West,258.53
128.64,109.07,88.59,South,560.46
198.89,172.12,75.25,West,744.62
256.25,234.69,12.07,West,822.37
280.16,253.23,20.62,West,883.92
238.75,223.0,98.2,West,885.64
181.43,168.32,58.92,South,663.04
215.8,192.01,30.63,East,738.35
60.77,54.85,94.46,West,333.38
263.79,227.65,14.57,West,825.0
192.49,172.71,17.96,North,636.43
74.37,59.74,19.63,North,260.24
201.1,188.33,21.51,South,665.59
73.07,72.91,82.06,North,374.84
68.43,58.84,52.83,East,318.68
299.86,267.36,22.02,West,946.33
236.62,216.48,64.37,East,850.69
65.78,55.05,14.81,East,251.51
204.53,189.17,61.62,West,734.62
154.64,138.04,43.27,East,558.13
137.24,118.42,61.81,East,548.51
281.03,253.66,37.72,North,915.45
239.38,204.64,86.22,East,883.87
153.45,139.2,17.25,North,490.62
150.96,128.44,63.0,North,577.87
62.7,53.66,12.14,North,228.54
154.07,145.62,16.28,South,510.69
151.39,144.24,80.91,North,595.11
102.35,95.17,34.22,West,391.24
283.02,256.14,22.84,North,892.16
121.61,113.51,80.39,South,517.85
94.48,81.19,36.95,East,366.23
102.36,88.27,76.62,North,443.59
85.41,81.41,37.7,North,331.21
201.08,180.3,64.13,West,708.58
89.07,74.91,32.24,East,330.41
243.53,216.38,96.65,West,882.48
275.07,253.98,34.24,West,889.84
65.27,62.38,53.4,West,300.31
256.47,228.8,58.05,West,873.54
252.86,227.27,17.23,West,787.35
122.09,113.17,10.65,North,406.18
136.79,126.95,93.49,South,572.24
154.07,137.65,72.03,West,586.66
109.12,99.93,72.23,North,447.78
,251.24,96.87,East,1016.38
265.53,241.23,64.49,North,916.44
,212.55,80.54,East,870.32
268.91,240.61,82.87,East,966.56
215.89,195.49,56.67,North,758.91
212.54,195.35,12.65,South,703.92
150.11,128.8,23.83,South,512.31
129.12,118.34,35.72,North,457.59
277.71,251.33,49.41,East,935.88
92.68,80.05,67.8,East,415.28
53.58,49.25,32.89,South,230.21
236.75,220.72,96.3,West,876.18
286.84,263.2,31.14,East,941.31
73.36,64.78,82.76,North,365.2
282.16,252.02,29.22,South,918.44
200.35,179.38,36.71,South,681.49
68.71,65.77,52.13,East,316.04
249.08,230.65,77.8,North,892.25
189.61,177.61,58.62,South,692.59
284.44,253.66,16.62,North,895.01
,169.75,54.22,South,680.33
209.99,190.61,34.35,West,714.41
56.23,46.33,90.65,East,349.67
199.32,177.23,28.17,North,653.14
227.09,209.22,36.43,West,754.92
83.13,79.53,51.36,East,353.92
295.89,273.4,33.28,West,956.19
62.03,58.43,32.79,South,282.07
152.82,143.29,67.73,South,571.36
217.75,199.35,45.12,South,744.82
205.38,179.02,14.93,North,670.39
72.41,70.71,72.93,East,377.2
55.91,51.5,28.08,South,221.84
229.7,195.64,77.07,East,847.86
108.01,91.0,96.83,South,500.97
183.25,167.37,59.08,West,652.46
125.38,114.83,16.1,North,415.32
83.69,74.89,78.99,West,384.04
275.56,256.66,34.17,South,920.2
194.29,175.46,69.82,South,724.56
51.54,55.12,15.47,West,191.64
173.23,163.07,84.79,East,679.65
52.31,49.5,45.77,East,271.33
288.37,260.21,85.92,North,1000.66
154.48,134.03,12.38,West,491.79
137.76,118.18,91.46,South,576.78
,122.67,44.83,West,494.4
125.46,115.26,44.7,East,492.96
215.09,197.94,80.53,North,785.55
246.37,215.44,82.64,South,885.28
297.67,261.96,21.11,West,937.36
286.55,258.67,83.26,East,1034.08
240.28,221.81,51.17,West,826.2
247.64,234.28,74.49,East,889.94
295.13,259.98,27.29,East,949.18
106.97,96.66,89.45,East,494.1
201.37,178.59,29.21,North,691.65
171.48,149.74,66.39,South,649.18
53.25,40.4,17.92,South,202.61
239.31,218.4,41.38,West,803.22
79.64,73.45,69.39,West,356.38
279.94,255.03,19.37,East,884.95
290.26,268.29,55.56,South,969.31
194.28,177.95,80.24,West,724.7
273.51,243.93,51.97,South,947.7
,136.14,50.07,North,490.55
283.92,262.99,93.4,West,985.47
91.96,79.83,58.1,South,405.94
171.03,154.93,33.05,North,575.0
271.7,242.47,43.38,West,901.08
209.64,193.02,89.59,East,792.91
179.44,163.37,62.85,North,655.88
73.22,70.91,15.04,North,251.59
66.93,63.37,67.7,East,333.13
103.54,90.23,30.91,West,380.5
243.97,225.4,86.44,East,890.24
151.65,130.85,96.02,East,625.6
126.86,103.7,14.28,East,432.07
291.05,264.32,99.84,East,1060.56
215.67,193.25,15.51,West,686.25
145.55,133.53,86.7,West,573.68
166.82,153.51,73.2,East,647.15
246.55,228.18,49.75,West,833.29
164.97,147.02,39.59,North,576.85
120.88,105.22,29.36,North,433.71
120.44,104.86,34.41,East,446.3
147.29,134.95,90.38,West,595.49
110.16,99.34,14.11,North,379.35
272.78,238.91,32.33,North,881.76
64.68,61.69,42.0,West,258.98
214.41,194.6,74.47,West,768.78
52.56,49.73,29.83,South,224.92
132.77,117.63,70.38,South,518.95
131.27,120.73,63.45,West,502.5
187.12,172.0,90.5,North,719.66
116.63,104.23,62.9,South,467.03
212.46,193.32,76.45,East,789.15
125.17,116.54,73.79,South,508.41
194.23,178.9,16.41,East,651.12
53.93,47.58,57.3,North,274.37
91.87,78.84,77.02,West,421.5
160.24,149.45,26.08,West,534.15
296.71,252.74,98.02,East,1062.06
218.63,189.6,48.55,East,765.22
253.09,227.4,98.22,East,926.14
262.64,236.24,46.34,East,888.17
120.0,104.13,75.43,South,510.53
172.87,164.63,40.41,North,608.77
210.48,187.99,22.6,East,687.31
69.44,64.85,26.21,North,266.91
126.27,117.15,86.55,North,534.02
142.63,122.16,61.9,North,546.83
211.06,201.38,20.07,West,683.86
107.72,100.58,4097.8,East,485.93
239.28,209.67,20.41,North,775.54
243.68,214.01,74.9,East,875.02
103.95,85.67,98.45,South,497.88
101.39,83.91,95.98,East,477.18
250.66,229.87,88.6,North,916.18
138.31,131.51,23.28,South,495.5
