x1,x2,x3,x4,x5,x6,x7,x8,y
0.30471707975443135,0.47745210117084985,0.6609751997989438,0.3896917053200022,-1.322541133291679,-0.5662949155810063,-0.0397062823469779,0.2566587307122617,-1.270280218199165
-1.0399841062404955,-1.1933702467321092,-2.137722101216556,0.10255318372626686,-0.4861941306990469,-0.624603408215179,0.4424546049697111,-1.7144858954961215,-0.9035794311450742
0.7504511958064572,0.836833997176276,1.6283471133070384,-0.1474424899181674,0.42022670947458574,1.3251467288748389,-0.3044267628566672,-0.7138194972187111,3.181376979962866
0.9405647163912139,0.9077121940789245,1.8183706791387357,1.5882761071492624,-0.10239670661109637,0.33028994561659186,-0.4096489283680019,0.7718742923698284,0.509543766651432
-1.9510351886538364,-1.9571676232367212,-3.9657319056178966,-0.6222074452947179,-0.6505636204055921,-0.21173380254439425,0.09235403825445808,-0.279676831132893,-2.1468006785018727
-1.302179506862318,-1.407469357932713,-2.550245852644183,2.0602981705240784,-0.674212461724509,0.4987194410697233,-1.9209159258951816,-0.5120614193191271,-1.5673082691056495
0.12784040316728537,0.0943947859316977,0.33197345456826444,-0.2254314492280993,-0.7123370644127087,-2.107192347329688,0.4770351272264581,1.4008818603129667,-4.06248503752968
-0.3162425923435822,-0.18623813287368635,-0.587675248293544,-1.2770164449702281,-0.8795096286589426,-0.043133589640907445,-0.0005630971229588082,-1.0472871463838105,-0.4935892062873612
-0.016801157504288795,0.04146436669448191,-0.2021620467470584,0.0699195809948253,2.2816328772760617,1.9975141778047627,0.039693526597561826,-0.7981533577548339,2.0389499985689845
-0.85304392757358,-0.6798127670325856,-1.6522844111543349,-1.0762452003187681,0.2975110711855549,0.13234650640267256,0.960734307594464,0.21138647504826755,-0.5453039709250038
0.8793979748628286,0.997139163760598,1.6553651445582171,-0.7517558478135002,0.8867590544047386,0.0679131691693355,-1.9528155300482481,0.39045493205388226,0.057964690196666835
0.7777919354289483,0.821700603321906,1.579111482016723,0.39703330001549114,-0.4890774681189237,0.5481283796421961,-1.9738338698589637,0.4963430343407315,3.0796380986913103
0.06603069756121605,0.24042415017799526,-0.010312048417473935,0.5555820886501248,-0.18595667718604886,0.8956052433143455,0.27380384532351953,0.9112380445689469,0.66778428952097
1.1272412069680329,1.1711405228418628,2.299114628690372,-0.6221677002542582,-0.713553981370355,-1.9974666928898597,-0.007116855128515773,0.19857862068151685,-4.896079037727624
0.4675093422520456,0.5503081599317515,0.8543587940733539,0.9874051450464006,-2.651708334919202,-1.6823264817910268,0.17017694319193222,0.48938393893840915,-1.7354106419692976
-0.8592924628832382,-0.8889495582367091,-1.8468483907925286,1.157507758021134,-1.3780092768478662,0.21029129108614655,-0.46212707517244556,-0.2592092593150832,1.5597407952165354
0.36875078408249884,0.3754053656684193,0.8088835818132376,1.436301756563291,-1.8106186799803947,-0.7148765618975097,0.6643536742399312,0.06269830323671424,-2.123142825397011
-0.9588826008289989,-1.0286249831590266,-1.8936007494903226,0.5294134071257222,-2.2497837779516074,1.3120252622199142,0.93263884299112,0.10753418005363442,1.3595809233860265
0.8784503013072725,0.9774086947667578,1.6955029224752554,1.3634287120856987,-1.1953589742981028,-0.3151743898852239,0.48398229395152703,0.21509813581903608,0.6963447179043083
-0.049925910986252896,-0.16775627329773946,0.04526606292960063,-1.8807984279740577,1.3249556793816308,-1.9345307357131178,-0.26082845840458313,0.7725398075827608,-6.688105537136115
-0.18486236354526056,-0.10662732930349442,-0.41378996924749534,-0.31790654862846257,-0.04443616770435442,-1.268013916843997,-2.107689387614403,0.555145681944831,-4.284169664289583
-0.6809295444039414,-0.6999946501544573,-1.3586483214107894,-0.8670052563234263,1.290563762321174,-2.7496760196305754,0.7692362080371281,0.0442170029001831,-6.155569405733795
1.2225413386740303,1.3396660480207623,2.4719740221159205,0.11922586112739209,0.4109825769008753,-0.23412553728291255,1.2217286662175928,-0.8091259849410398,1.8148145353846938
-0.15452948206880215,-0.07944258319567617,-0.3710255575504657,-0.5714492191967373,0.7825588257151592,-0.18838412726438336,0.64455841198398,0.06767125806270954,-0.6531995485944957
-0.4283278221631072,-0.24626320639842705,-0.8095420149862215,-0.16615784194973238,-0.9008969953045751,-0.42446270978189776,-0.8796424273675065,-0.028017784895743934,-0.7832828739431601
-0.3521335504882296,-0.2790560813743651,-0.7576123356929316,1.8821748802040494,0.5239509541926708,1.0788790390297387,0.6737943936677578,0.19318157981319836,3.331787248483116
0.5323091855533487,0.37510515998802463,1.0234545388850764,-0.1697197964203783,0.7287142340743459,1.1985198365166936,0.8605297079614455,2.206525307140402,4.616600625183464
0.36544406436407834,0.35874874707425825,0.8671523927084908,0.4137923171902139,-0.5766472922336929,-0.1703884233561112,1.5588162477990857,-0.5237727785412354,-1.0174747915738944
0.4127326115959884,0.2955318923365068,0.7214066179407335,-0.2322693299242352,0.5595403706161663,-2.134693667476856,-0.8761099242279576,0.42228901912535954,-4.0475416212758795
0.43082100300788273,0.37899301877125524,0.6203639729228164,0.07571328795683367,0.5661877585748329,0.6172815804922585,-0.22645458454413847,1.0684620672442982,3.6768429736622577
2.1416476008704612,2.2927704441981334,4.444388901242112,0.006016680436071459,-0.5495526211300829,0.5553602285085755,0.7472720511434552,0.09800191409938289,0.5638418482500818
-0.4064150163846156,-0.34266163529484595,-0.5578972375085309,0.4483240659731595,-1.122768432270995,0.309391570156945,0.05741007143815779,2.337845119172165,1.028921183788658
-0.5122427290715373,-0.582135771929412,-1.065012384688008,1.165307535547177,-1.1841283318982723,0.9814797493081158,-1.1173276020512748,-0.3780392917314767,0.6647368905222593
-0.8137727282478777,-0.9151444648919176,-1.821229260557774,1.6473939976033294,0.08650554192146179,-1.16482809646104,0.414616285026703,0.32408922232004705,-2.3987601867848847
0.6159794225754956,0.6192576318631218,1.200910447531397,0.30962008190916684,0.3270098687893148,2.008755386185139,0.5786616338151667,-0.798805744892982,4.149895545428379
1.1289722927208916,1.0073162777827789,2.2293222904577163,0.5895468860356021,-0.7925258304579145,-0.959427753141868,0.08796289633100199,-0.35152473514329313,-2.4376203930635545
-0.11394745765487507,-0.1810614853945332,-0.24688729941197585,-1.150864509185567,0.02658534132609864,0.7492229272008546,0.21958492717994416,0.2489339103966579,0.3956839245109607
-0.840156476962528,-0.8089555298074037,-1.7916517581172409,-0.08787674241562057,0.5705370361384854,-1.6873476944133516,-0.25870590168573016,0.8463040623077297,-3.2488802339371565
-0.8244812156912396,-0.70895001208057,-1.5910063171348314,0.940289464883589,0.6181907146653008,-0.9302646872700508,1.4782789357160593,0.3190948340235742,-1.21984607730233
0.6505927878247011,0.711468935047145,1.3536363131780107,0.8659686384171532,1.5518801201224885,1.5163686467253361,-0.9006921837126766,1.259114849334736,3.2147102299509682
0.7432541712034423,0.5141252203436323,1.337067780424954,0.21160973279505021,1.2769808321980434,-0.2608998230008499,-0.5873207627637789,-0.09496531059267174,-0.124871703992616
0.543154268305195,0.573590941208221,1.1562282097798788,0.8863939595679524,-1.001291432756544,0.8399226051327979,0.010985513527525621,-0.33216852983900536,2.428412073724802
-0.6655097072886943,-0.6583063499654365,-1.1257509163827994,0.49076670899381886,1.6835862095380225,0.2369553887192461,0.8789540277008926,2.7039851072793866,-1.2301948096231061
0.23216132306671977,0.2735503516039891,0.48151867937714554,1.2003062582593216,-0.5309765045557148,-0.10495815600017268,-1.4973731700945367,0.39423764944203077,0.6735483342644296
0.11668580914072822,0.27830677730584896,0.19963910207460583,0.2893591569571111,1.0448728124544275,1.3638503249326897,-1.3102967497654392,-0.7194815459785476,3.9152831361568725
0.21868859672901295,0.012364769048538643,0.4231768720172738,-0.35569831557103465,0.06798662605108885,-0.23665882465190033,-2.037728507734718,-0.6942637622480688,1.9585678491719085
0.8714287779481898,0.8123184354290793,1.8043832325932359,0.33584125693302364,-0.4121493784569676,-1.7807381075634705,0.03269522525327079,-0.9426799145313405,-3.713582883884806
0.22359554877468227,0.2826861810540177,0.2741239369986427,-2.9305943758527757,-1.8076968597749328,-0.8032400919517051,-1.1183058172065439,0.9365693558567879,-1.5179939416637498
0.6789135630718949,0.5207541231265006,1.37426619644152,0.38288573638504947,-0.1715645102163482,0.5511917287016942,-0.3845501100179167,-0.36437729289324183,1.9406888099995294
0.06757906948889146,0.21517397429424234,0.09611174403150191,-3.6484128252147836,-1.559383235305609,0.39550910636250813,0.661378189891708,0.12736247565648562,1.9433970634821887
0.28911939868998415,0.32595505996005,0.7630212986755729,-1.723463407405418,0.9672992358427723,-1.5670582502354382,-0.6415427207828466,-0.06350867443826871,-3.838955465188707
0.6312882258385404,0.7159466244228808,1.245159178296585,0.45176860094098414,1.516792657139248,-0.724342519408201,0.23128202274336457,0.7314924079409346,-1.3743814581896785
-1.4571558198556664,-1.5142501860078459,-2.747522878599381,0.47752933726679525,-0.7969109892966902,-0.5817213492022466,-0.29933790775172203,-0.8467440928840201,-1.770108841566459
-0.31967121635730134,-0.2382948473606803,-0.7497165024928034,-1.1624287801399305,0.30197074251927114,-0.365469594114225,0.6721143150964368,-1.0755722861430155,-1.375546344090429
-0.4703726542927955,-0.36352549869389167,-0.8820193919053118,-0.7121020418789388,-0.7253915220079754,-1.3759135886015514,0.4751280673480088,0.22429730718159427,-3.354728592326718
-0.6388778482433419,-0.6155900462296251,-1.245815670107561,1.370540988614132,-0.6284847301367896,-0.6283711081194786,-0.69193369617461,0.600959284699897,-1.5155367227298642
-0.27514225122668373,-0.25170216195681416,-0.6371892272398457,-0.48403013157267616,0.7744947038653713,-0.7286104852595274,-0.16865175340045263,0.33253231309764075,-0.38988382783237785
1.4949413112343959,1.5219756351625684,3.007622233932486,2.242920312402985,-0.03853826184341251,0.7715332597619193,1.0437433977204944,-0.8094537290973276,1.6910108219263669
-0.8658311156932432,-0.9521656421671814,-1.6104103477033265,-0.001919853176346149,1.7396480419310116,0.8091213109902438,0.393376870254097,0.6774848420913938,-1.0290629549740329
0.9682783545914808,0.9535254865674455,1.9041775387543016,0.4080361768812668,-0.482232478702921,-0.145810458088816,-1.3969620577511315,-0.7438609270956342,-1.6814501675788358
-1.6828697716158048,-1.6981220248610407,-3.5349358081485858,1.6168743984986076,0.9993363324744892,-0.3920397958707315,0.6556180611713827,-0.5215386447863833,-2.5694133942894
-0.33488502998577485,-0.29654564355042534,-0.6715263426192943,0.13102711619341956,0.09741341295778198,0.1399243120391134,-1.0846106224362382,-0.9439535247220022,-1.1397399641660844
0.1627530651050056,0.26273548979603506,0.2352638207307599,-1.0023439806908012,0.7957780097442332,-0.8165751074555749,1.412513069961006,1.3011583486520308,-1.3759261849835094
0.5862223313592781,0.4803687231614372,1.138210568852168,-0.10972745169429012,-0.4471576573299467,-1.146832082167441,1.024098839841025,0.6334215410273492,-3.2797453768168325
0.711226579792855,0.6987256767608973,1.4142943826171979,-0.03561073619009093,-0.04955883755158271,-0.9402212089257169,0.2898854759184008,0.6049933756788733,-2.2300178883871227
0.7933472351999252,0.9414927899658225,1.4161292487982986,-1.3647416522015654,-0.11549887929893475,-0.6348131639714567,0.1572328434361934,1.2472114211424503,-1.083689819973051
-0.3487250722484376,-0.423083895129694,-0.859015978428943,-0.25583207134082336,-0.8360571148457872,-1.163473799792271,-0.20903225602742,2.8126492482387233,-2.7302245630145037
-0.46235179266456716,-0.5445767943935992,-0.8764969017765818,-0.7421920939974367,0.6620815345817527,0.16205955906287475,0.6785239514000281,-1.7092261039101555,1.1956966836179355
0.8579758812571538,0.8782065004402733,1.6636798928973398,0.9243577571874341,0.6502490055783642,0.7297156737837084,-0.37077816946206166,-0.7383765808771081,2.6852565456351254
-0.1913043248816149,-0.10686580583308287,-0.6390830839452866,0.03461187418525562,0.5935546949055667,-1.5870983007982418,0.23556987063989387,-0.6161750841745238,-2.614112701824375
-1.2756863233379219,-1.274543717781856,-2.47288824301503,-0.28279574914757005,1.5369656539176446,0.02512871121603335,0.8719343665194511,-0.8508196223826928,-1.2038669188052606
-1.1332872140034806,-1.0003911549597817,-2.2393374524795373,-0.10618193062257626,1.4493448012363035,-0.21993579526633558,-0.5618065435255897,-1.0775832476037126,-1.294877716646732
-0.9194522860016113,-0.8337728877449586,-1.910292054406871,0.22312201840616613,-0.37494468984913537,0.3415086855368029,-0.6161927399906946,-0.2996530640553656,0.8223317602170259
0.49716074405376404,0.5813427507427702,0.8626384670017039,0.6168141996897798,0.37305231843417824,-0.012938768103588062,-1.194365480724459,-1.216603715289405,1.1965109614171539
0.14242573607056525,0.19783738620297459,0.3684322617725642,-0.9997122286693814,-0.6236006892582127,-1.4535992799316308,-1.0644727461261723,0.3350423675374132,-3.827647301992833
0.6904853540677682,0.9232506641023768,1.4159057703915794,-1.0415876326212719,0.023355316114555456,-1.2623892988571654,-1.8283953114415024,0.051698321428614635,-1.8637773245263884
-0.42725264633653426,-0.44776881522313866,-0.6162450644046612,1.10467921540253,-0.5997494491188647,0.029423575584972723,0.7298287890155296,0.4810286647636553,-2.69369345052807
0.15853969107671423,-0.04181253812993718,0.3590982420259222,-0.4123368722047306,1.620070309136051,1.0287809197455093,1.8089145420827708,0.5077284516382525,1.963979405645008
0.6255903939673367,0.7860158301190509,1.289951102060875,-1.416842092596874,0.3636981503429628,-2.214187371043003,1.4253289434703056,0.6030068534266765,-3.1903327771684835
-0.3093465397202384,-0.35511648281592095,-0.6353858724513333,0.44381270938310463,-0.21802912810442213,0.34572657980157995,-1.6260844886265164,-0.3734089368238823,0.2214419342403544
0.45677523755741145,0.46756328199171476,0.995228061834902,0.4633698060326869,1.193618571856377,1.1896220052876432,0.7248546715562,2.1211434026336673,4.276985518705394
-0.6619259410666513,-0.5309708725805986,-1.261343362008487,-1.5307152572567064,-2.1706154097954116,-0.1530258762062131,1.4221063499235564,0.23443111648209775,-1.446837607902354
-0.3630538465650718,-0.5232798006709644,-0.600935192273624,0.2294817154636063,-2.0141025948652898,0.5502024960264408,-0.456809980738664,-1.862484752624795,0.6456345512017289
-0.3817378939983291,-0.506902615408943,-0.8156080798603866,0.7355830924283736,0.7958386552197739,-0.7030690808978022,0.10144743065004946,-1.0023757457662175,-1.7163143538491883
-1.1958396455890397,-1.3559674393009251,-2.4352200384724756,0.37438645170626306,0.06046844811736806,-0.11936619927687682,-2.0078930508046704,-1.7405029890278156,-1.090060084770718
0.4869724807855818,0.4075588517830394,0.9260346444799656,0.6319814837613953,0.25044630026076065,-1.6209135183081516,0.2667361679766415,0.01733462915130733,-3.1359627735496773
-0.46940234020272387,-0.4254386796010245,-0.8597245082875489,-1.404269098090749,-1.3263961033185487,-2.344343308418874,-1.0635597294347174,-0.12180522405333363,-4.908497610262886
0.01249411872768743,0.06491290300896453,0.17482568148504807,0.3310401549961956,-0.023233710850366202,0.9427658012252752,0.19963501791151453,-0.4684256978994578,2.518690693640663
0.48074665890590895,0.5083740768387643,0.9156092684968878,-0.30261975947044656,2.003509410401342,-0.9849949277244419,-1.5612029221888803,2.010926112400514,-0.21867106419204174
0.4465311760299441,0.30525458764070745,0.8505849792805791,-0.4827901587246448,0.8241996197958629,-0.4555278450034305,0.5428582244775959,0.5489828740769108,-0.8170004835212832
0.6653851089727862,0.4343747653095218,1.3621779403325525,0.8705556094197265,0.1697065451428121,-1.3864422532701932,1.0245126754266898,0.7260983614463344,-2.0342068401512168
-0.09848548450942361,-0.09305012597038538,-0.22154711902013738,1.47927451067423,-0.43905391010493766,-1.4099697030838758,-0.7831798617151676,-0.9310734879421032,-3.5136437568781083
-0.42329831204415375,-0.47047591540798733,-0.7513912587743184,1.794370054600359,-0.39457285186939384,-0.17383770009461635,-1.1369225814104345,-0.9991448913310123,-0.054546239158804966
-0.07971821090639905,-0.03377963373473787,-0.3846141508747028,1.314807871505905,-2.1291978892000176,-0.7295771941356465,-2.156023042549981,0.03680549909695475,-1.7417416936701815
-1.6873344339580298,-1.6171390713359028,-3.4573393726077493,-0.10973418163018368,0.2576404209211606,0.37797099799469847,-0.26641353407517704,0.17300713965222583,1.273568768415084
-1.4471124724230873,-1.4332883292172192,-2.972466578242319,0.35272016302634307,0.8454831084818539,0.4525384189795919,-0.5815939342816051,-1.856311567114457,2.569380960741971
-1.3226996123544024,-1.246686303816817,-2.8774348259474194,0.7668228717842437,-1.5756193271706151,0.32084964632460716,-1.5510194123480547,-0.18030702284953407,0.4363567637842285
-0.9972468276014818,-0.974325690189975,-2.090857499639844,0.12117794929946196,-0.661416892306816,0.2386007909284437,0.45301875631217164,0.014072082873504806,-1.9868559277602411
0.3997742267234366,0.4527806972835833,0.7080328418622805,0.13076418791154437,-1.157464632233422,1.5777682049318862,-0.44997038186464916,-0.21514916577112894,3.069891518990073
-0.9054790553600608,-0.975946381647049,-1.8310685761720047,0.823753131876182,-0.9653511948087635,-1.067593769044886,-1.0757359586452324,-0.8133904123466764,-1.4215319900072156
-0.3781625540393897,-0.39612369542253556,-0.645028518912753,-0.059282646025932216,0.05348162682190022,-0.05493486620291775,-0.5545724056404471,-0.53953518192114,0.004590887192942983
1.2992282977860654,1.318905907451761,2.5739505304530605,-0.7292869363736615,-2.0844021549884744,1.1326898205195888,1.0713045389296156,-0.17685919357279603,3.2424359333439234
-0.35626397106142593,-0.274211123519684,-0.8156093141499673,-0.4144730658358585,0.614270438357064,1.2645398093380364,0.6029369437552222,0.09080002361004777,3.6888580044670425
0.7375155684670865,0.6981414512446293,1.4693356828128201,0.6339103777337424,0.7538550699336822,-1.4217636493445729,-0.13002606149848983,0.604791582550568,-2.03798634279816
-0.933617680009877,-0.8815009544366658,-1.762317997875619,0.002993291199955732,-0.2511025880369125,-0.3123554416558699,0.6191050184648526,1.0808562049508712,-0.005454171793995322
-0.20543755786763002,-0.23202143705916792,-0.5084709973467505,0.34020997686833787,-2.4807085099845416,1.3581210958672605,-1.160911956386739,-0.2943477235272498,3.6882630338833655
-0.9500220549105812,-0.9617762716433943,-1.9911015982133073,0.6700792422021898,-0.9964186260023896,0.5080791051990653,0.03237010072703053,-0.45615619611535785,2.2273312873648687
-0.3390330759005625,-0.25608117169815514,-0.6222112558737026,-0.3748414628976096,1.2329019341026966,0.19526303147977275,0.14732233048647056,0.43765567353430623,0.5925236733642849
0.8403081374573955,0.6410021003519799,1.658462663341711,0.7562481636298061,-2.7779942807285725,-0.21768469343465674,-0.4698365084987269,0.6108449164108543,0.6353922508413754
-1.7273204231923487,-1.8569676559998247,-3.38989237731375,0.37884260345839443,-0.34752341219351923,-0.38380092570774543,0.43545833595741784,-0.4342004332588856,-2.2623569234505596
0.43442364354585733,0.28620510380157527,0.867482607912185,-1.2348130869114786,-1.180000778467259,0.2882190630903242,-0.7804334546444512,0.7903934769661722,-0.027409314862792522
0.2377356023322779,0.0043739903474473985,0.5456375694735125,1.4423047911862443,0.8045703015848366,-0.25237412498448336,0.5098207077761179,0.9795853411559731,0.8305120440209864
-0.5941499556967944,-0.661976399712312,-1.291807722797653,-0.5007447437569161,-0.6751139521434614,-0.04257862104444418,0.5518587715312919,1.291686465658673,-0.06075158682974552
-1.4460578543884546,-1.3711144644156805,-2.893324173855736,-1.6550953431851838,0.40395402073561154,0.07859870611503737,-2.917159880697066,1.7783209067198225,0.35388106601504155
0.07212950771386951,0.04364110107561204,0.12319001399142335,-1.0450437095863023,0.5654604191690931,-0.6780715284934992,1.1903057035101177,-0.8664161386594389,-1.1969328958034282
-0.5294927090638024,-0.5097137008696172,-1.1805745105380179,-1.021045160678322,1.83622583973002,0.5321293738814383,-3.047632565352754,0.01389820933251119,0.48584343942311503
0.23267621135470395,0.3415979610257832,0.309004627922539,0.05217331865753347,-0.20294194367537022,2.9142446484154196,-0.6160490255561253,0.011277696618660139,6.431888509170949
0.02185214552344288,0.15462075875021206,0.11227919457435195,-0.2738505055462372,0.37604436962261134,-1.7769866393260751,1.025348034257755,-0.0980735685325076,-2.0450500753374934
1.6017788913209154,1.5948650978483014,3.168462544420033,-0.33683196764059287,-1.485055479127436,0.3240125241899799,-0.31728672525244067,-0.6492629196101362,2.063974354554517
-0.23935562747302427,-0.10399703851608455,-0.5809392831107815,0.6197019654824789,1.190413563293744,-0.7601900886189056,-1.466185982469542,-1.4855620032310715,-2.944037210939907
-1.023497492621865,-1.014284826778454,-2.056612878936063,0.3398753611927038,-0.7605088480713647,0.57740257751925,-1.0937370617166706,0.0926794460290038,0.4608667383011948
0.17927563495631615,0.09553581257356994,0.4713531556475626,0.31604787064428624,-0.5607541640877456,0.04655747332786092,1.0269057463206197,-0.7683556595479125,1.613833051794612
0.21999668397176517,0.16055664875189163,0.21191958340633804,0.40982845732869266,-0.022247794849210738,0.7618547740424635,-1.9215045305486382,0.085993480747625,1.7868985444654277
1.3591875752404365,1.211133923983935,2.5687112814905406,0.6161346680022383,-1.5628843453398495,1.1755065765087795,1.1289911009620173,-0.7940435416988534,1.3073755099995088
0.8351112459145785,0.7462978605412133,1.5779338476396303,-2.107953341777443,0.228770028928938,0.19242111776818133,-0.05510209904228934,-1.0996583458443414,2.7468039542352014
0.35687105914950934,0.32106939034206644,0.8598600049710516,-0.3644382522644612,0.9674662729250108,1.1320522884141782,-1.1923953304424335,0.2342983603768977,2.7789943396606733
1.4633028912195618,1.543661393157422,2.9548644807310533,-2.180210064489474,0.2929338234972916,-2.3442978937886774,-0.5831150723026911,0.15092152680649595,-3.9629368444574435
-1.188763054322851,-1.0166860712062524,-2.300794384599579,0.03605992679779541,-1.588897564178725,1.5904522979160232,-1.0172243411016413,0.579281971320933,2.319757359171205
-0.6397515327497477,-0.7779696842874517,-1.3935191574121184,-0.00463297222434532,-0.12380929432965958,0.3750621518923401,0.8662252008585286,2.1858637664176253,1.5333054237202317
-0.9265759414055249,-0.887293194579533,-1.9651054703381023,1.0455322747896802,0.7420289029794906,1.0778433557451819,0.7324278097628383,0.2772895312108468,1.4332466358545017
-0.38980980315576796,-0.4938641970715214,-0.7348382346392649,1.1876343927211208,-1.8779887659659078,-1.2198757448415216,-1.7191611338760466,0.4850817670641296,-1.7320443009631108
-1.3766861475563088,-1.3292164387099885,-2.747544862019073,0.20277504825236733,-1.074766013817714,-0.8307698816053357,-0.4035921185193341,-1.0775613288673254,-1.7481378541821788
0.6351509468144043,0.6220422817456317,1.3251757755152214,-0.5003610773968998,0.87654360408152,0.14593829414477413,-0.8631856623442771,-1.2869074405363745,0.7247232258081162
-0.22222269709877338,-0.40531327968352643,-0.46321249329039194,0.48516111254573785,0.27009543419728654,-0.017037889337463016,1.2935099684593703,1.5828294467733337,-0.2367739975801566
-1.4708062945026579,-1.3779765953458094,-2.913798216359853,-0.5279176373243135,0.41197158212675383,0.2830685880099896,-1.350099118126421,-0.9234797799333037,-0.2606182045011798
-1.0155790812075416,-1.0760791524884148,-2.015346253924572,-0.001392651443348899,1.8594948076233115,1.0845151609299661,1.604229104685014,-1.043944071468642,2.5845069775630956
0.3135138474501953,0.2601238236128398,0.7048044338088831,0.9861363169607678,0.4685527785062026,-1.7652203153028492,-0.033294739516937566,-0.03909892121655298,-4.474665052555453
0.8381265678943811,0.7311513267654122,1.7569539639832092,-0.5577713459894236,0.6578880104331793,0.9738190717173091,-1.1619344063800876,-0.09019241337738836,0.42291178246925143
1.9967308916917865,1.931302564023031,3.831474583944396,0.8056786392425009,2.710745527218326,0.008281909957927018,-0.6772741840092779,-0.9025065064432917,1.8552012960294415
2.9138624660073296,2.956651510076821,5.602998076480573,0.6774013686923024,-0.2138045580904907,-0.20378186112454774,-0.8016188407684506,-0.3049732187131,2.194243115994126
0.4144094332759964,0.39548499918235586,0.9289934063171434,-0.9547918171308215,-0.7978827636184951,-1.4711152343848903,-1.274618402015506,1.2293757176501043,-2.483520330290778
-0.9895381200318641,-0.956671919803616,-1.8603037307375345,0.973894128217401,0.4277963982471327,0.503048668376865,0.09482685973037566,-0.8059936088317976,0.7308109280458212
-2.132046280731309,-2.095854095338425,-4.366154863413952,0.6985663453715051,0.4389910293888949,-2.414107851031037,-1.2279155506918433,-1.3936724843661716,-5.956366338773283
0.2677114623438358,0.3997776278966525,0.3494393840331087,0.10192588737265744,-0.5267153919462082,0.6483940112387127,-2.1803662087381888,0.9425936208997923,2.788192787673219
-0.812941095310326,-0.8472197103967639,-1.615978708519932,-0.7623234580276522,-1.0323970195548475,-1.492105835472992,-0.3796764708481731,0.4922969119380367,-3.5074652321867843
-0.41535726017968533,-0.5630430418642585,-0.7376306977243177,-0.85920601857557,2.309844422090078,0.053457912617474034,-1.8028561964178826,-0.6205186206486616,-0.9955726834670383
-0.6120967990598081,-0.5053745574026097,-1.0444341458761848,-0.5376625769030224,0.3268434703880229,-0.11916883732792043,-0.7521608680675204,-1.582167016126918,-1.0557129284422104
-0.14079088641638526,-0.17393970362611072,-0.22995201562262543,0.54259446329196,-0.7322853814020757,1.1695381472938837,-0.9091028886033559,-0.7446233564385631,4.136337809920528
1.0659802307876436,1.1774394752453814,2.094788791916718,-0.9556251674013979,0.9159303022795986,-0.17865516901389017,-0.8712160720258142,-0.05470443684927131,-1.3177640986756467
0.15704856744534462,0.19538627876359166,0.22478407273220297,0.4375122486198699,-0.1091451515613345,-0.6941385611456656,2.0009631015901537,1.165672089883819,-0.5738320429785171
-0.1586348370386883,-0.1717485900590228,-0.31612454491031117,-1.2417555288783926,-0.25288144631783127,-0.506602695971203,0.05641156716957076,-1.036581974869657,-2.7935941259501
-1.0356537528258116,-1.000776163421182,-2.101233976040149,-0.20406858443884895,0.5622728719144933,1.2728827687546636,0.24537100899533215,-0.08451988151147344,2.0318746476574434
-1.674682944704357,-1.479581688691727,-3.4508726799815954,0.10964775457400863,-1.29188226823169,0.5362969691808936,-1.7763982963422946,0.675144659894898,0.2972904460201289
-0.4863079090733309,-0.2786098561679555,-0.7677402530603331,2.4451301450589167,0.3526272039171724,-0.3856299815231613,-0.6539631336369219,-2.3812673401219207,-3.19764626507746
-0.05378255081832049,-0.04684443730504262,0.07095173857057213,-1.3773156555203674,1.9129548077317522,-0.23644641996451343,0.21530262994151197,1.0337861679388998,-0.4573730350489335
1.767929913579883,1.7839489729115905,3.6494646955153085,1.4720145664901334,0.46617766219731077,-1.567177090585447,-1.0245289129130064,-1.1824505722064373,-2.8336084342866714
0.13027452147288585,0.23789853721952442,0.16846400316485893,0.14984241398728004,-0.3762121037834645,0.388474200851541,0.9080628435179854,0.3319954934569346,-0.9115145769399358
0.9827395110230576,0.8981734077463228,2.050980954475843,0.41117191801596314,-0.507105280428242,-1.7598157076954657,-1.2026965859010301,0.24668314961074406,-2.486546588879708
-0.49929559853915206,-0.4659885612773266,-0.9346285561285139,0.11834791338820451,-0.41033997334510935,0.7517964658354561,-0.2863661358651756,1.084586391463845,2.6109865843834292
-1.1849437664170246,-1.1875300512124103,-2.325632970413644,0.444726818195233,-0.25396267804778105,0.12862159249126584,-0.5860516399755586,0.5509243808935403,1.062507092036702
-0.9651167622323719,-0.9337259410866166,-1.805266997760366,-0.15368510436201774,-0.377806532758272,2.3869517995739225,0.16432065938191598,-2.377290491729981,4.447454836993007
-0.7252260645357532,-0.8085629451306938,-1.3869150147853788,1.4540501814574582,0.9163114410745667,-1.1001355537243058,-0.640490071855426,-0.7847792471559913,-2.768905550604039
2.1284697324351645,1.9695129831042675,4.330940888500763,-0.4564711442247224,-1.7332091032089831,-0.10266209104063294,-0.27089362707093734,0.13820512935328008,1.8006293337749006
-0.8213866792243861,-1.0286850228235154,-1.5790827301115513,1.1322345721792477,0.862000050412134,1.7982877009230627,-0.23613009177798555,-0.19497988611978695,4.4299368755008945
0.838489203736345,0.7267507924373842,1.7110575482729005,-0.6443671202130229,-0.3796865251425611,1.1913896402914144,-0.734387757391301,0.47761072975677044,3.6998266867777634
-0.9029271780870264,-0.9487947065809597,-1.9842154691454712,-0.06025184640128695,0.37694778569537224,-0.6962120515798997,0.48509386849711267,0.7893665556697054,-2.4975043612311767
0.9315730128742441,0.9022538542093679,1.8715081334895438,-1.0719625522902192,-1.1269879102008638,0.22396742837344774,0.23838837483742528,0.6084517364296791,1.0543632629195132
0.38495096610586316,0.5786740823488148,0.7142827363268138,0.4550237203475199,1.328631066849436,0.001999356415087233,-0.0886139452531673,-0.21427494255446522,1.037813406308787
-0.1566378976580904,-0.04603856066736059,-0.4412598910801829,1.4451259569265338,1.245634960171873,0.2819558673941572,-0.4304583334619581,-1.8463370111204804,-0.9021569859438612
-0.040762526135434025,-0.13697163776959675,0.08665660965921436,-0.07735617982085408,0.9595905257500736,-0.6986804359848298,0.796544030519997,-0.4554812488548173,-1.4290584667280113
-0.6547876954293904,-0.6200168501842948,-1.1366758567702104,-0.19688569870390954,-1.5147547757935393,-0.08932040270073452,-0.23583424381418136,0.4163681481389552,1.4733143725537274
0.44607220148208054,0.40536437784704804,1.0280664629937224,-1.1146169630679268,0.8291210710660528,-1.5980523752767137,-0.3066972878259372,-1.0904472525504776,-2.666038339523267
-0.45498348034078,-0.48341986414478955,-0.8844456189959725,-0.2292926535523081,0.4048550876357089,0.13512345186808206,0.10469002988812601,0.6312747301215763,1.422470985930341
-1.2256057637672482,-1.20707319882571,-2.3161490154392306,-1.5927942597215277,-1.6052712471325676,0.45002067342183205,1.6965866829708507,0.9083932972673044,0.22782701831052066
-1.2779375743196193,-1.21602046262208,-2.554669830579056,-0.9128779867188273,-0.02429738377081549,-0.227419412643884,-1.340356208021204,0.12686697629584257,-1.0765609050054563
0.17258791772211948,0.13866206933371794,0.3654555631340169,0.22678604610913541,0.3645344890332625,-1.6150508905847878,0.7698568930553547,-3.063779866312396,-2.8539846601896985
1.579091256410435,1.6854764096838708,3.0488353757746713,1.3190131977413961,0.5560752738231508,0.9885318628514624,-1.893171161238105,-1.2780883627118034,2.32905470992626
0.15999161357343825,0.04579779095919784,0.3596823575967605,2.809210861229503,0.17726136694885572,0.3645250379928023,0.21727315822862395,1.8861891585560817,-0.4054182992831935
-0.11863832610988256,-0.11800441987365572,-0.23123805937732342,-0.5865850850709007,0.2912314168473797,-0.7260150977009768,1.5750828276087308,-0.546537793028378,-0.2561711276180725
0.2858261396025429,0.545593512262126,0.4413870675216393,1.43530015664544,1.4736113922530956,-0.28060044683806395,0.48866852446730713,-1.984143223128996,1.6042360013479295
1.3060017417068248,1.3283097159693524,2.6068837722319897,0.2437524804016479,1.2260339099106798,-1.5006694027818388,0.1706250785397928,1.2352473883102724,-3.295742866540504
0.21938250136385634,0.3627039520244736,0.43079204634203183,-0.15124764674637586,-2.8670549537827434,-1.0254101277779044,-0.5604494688030756,0.013355591543672855,-0.7422021115577287
-0.41092723083373717,-0.40177521301641633,-0.6420983450030103,0.4325944517261522,-0.317438554837682,-0.5378113463571395,0.03104720048855424,1.1049404889577255,-1.7138304903401154
1.1062887100598888,1.1643664195928685,2.3019987529711186,0.06191648367995918,-0.16465102754395128,1.2284208122801512,-0.2520628154033563,0.2769586752193653,3.258068452677465
0.4287564384616135,0.4230781190223443,0.8586574208323736,0.11039572561221853,-1.7520985727269711,-0.6395033908874757,-0.7859766079313554,0.4585591362121688,-0.6152164900862784
1.535755991995992,1.5187152338795715,3.096390714972092,-0.4083331628266692,0.09418305823231217,0.6402136593287587,-0.28987561547486984,0.3630092477145166,2.9673371836449847
0.18323443722190613,0.10528619754936416,0.3708901122542321,-1.3981096597988507,1.2487577724105066,-0.5383162028615798,0.19838116062643954,0.697488311921,-1.0280618203786702
-1.2244690317205003,-1.181438895824745,-2.4692294619205555,-1.5436252025220816,-1.0865678595905903,0.24794756085187486,-0.7672170685306403,2.2774304485560983,1.3989506019481777
-1.368159199245665,-1.4533129181642417,-2.8445611182301587,0.653244883281227,0.3364009386898723,-0.14139550214380217,-0.8062818206846841,0.9710063359591881,-0.5687029030507194
1.6509279322312496,1.7174864558625924,3.286750676701806,-0.2767000900857134,-0.9158234772964378,0.8730566000927434,-1.3602434375921744,-1.580339317845535,3.3258095997390447
1.723665720783297,1.832194421227888,3.3727216159013427,-0.5960888996561666,-0.6719120236796768,-0.5348113382185579,0.3907250260888961,0.4466615152789034,-0.7290397055853237
-0.17951921328260065,-0.14286607255887765,-0.4840699804575159,0.008505626723153567,1.477393634170035,-1.572528250002441,0.5453232619670604,1.1414807681032177,-0.7711142770711343
-0.38318732113598775,-0.4118121944915569,-0.715252460817222,0.7949322529156275,-0.542557820111825,-1.3819490313636327,0.23166044423651747,1.202700806536146,-2.630848473033154
1.4614442922422022,1.506840850173072,2.962015050477728,0.1803639430263982,0.46221248901062467,-0.5318774939427574,0.9651704927286658,-0.42660498305909955,0.36980648849034314
-1.107045682043488,-1.1379129875981293,-2.3927621152237837,-0.6560549366409674,-1.871218116060987,-1.2490599706780527,0.08786763708072752,1.1649444451881277,-4.348788049647738
-0.8947270189558264,-0.8011723064093115,-1.8017225016611655,1.2262929556489497,1.8623175613948801,0.4102120156795513,0.3920109373657567,0.9277423995512052,-0.2847725048791139
0.6433267946890444,0.46018618626753205,1.3862237279680811,1.579185502981632,0.602652446306499,-0.4657681648580778,0.30383742563756283,2.57251743696973,0.1541595657348438
-0.3946051228595896,-0.4281658596714542,-0.6832878718295471,0.4945566553228533,-0.18249984265026167,2.3746065500264315,-0.09154001941820787,-0.7500017362485115,4.576615803918612
-0.005121866720071296,-0.20420306623247106,0.09233995084838129,0.9736635113440901,0.5755465099998948,-1.737714595137132,-0.5308218281296473,-0.5074005764004252,-5.895559026308874
-0.16344289852451258,-0.31294898154723305,-0.3229944763588792,1.241959996813811,-1.4098194289478103,0.20363317870980122,2.214152615791911,-0.3061190484599539,1.1317930712267925
0.33757454879893356,0.4739607717803245,0.590644564800952,1.1300993164045137,1.1825307417526572,-1.127953023505669,-0.4519509798535085,-0.4902221500387753,-2.257313176898678
1.4074818613137168,1.4970003595108854,2.7065938398916276,0.6140991771126236,-0.3239847754964302,-0.4934013403826786,-0.6658777111204364,-0.890020749763603,1.479272748535578
0.09058490690174555,0.01863688357326651,0.21563030427852684,0.5983470470748828,-0.2040695150484347,0.14141947334054417,0.43400982345010697,-2.762675505673743,0.0634527055854714
0.6439387932768579,0.4936884476727682,1.3258055899902321,0.5196605733465026,-0.49165561496548443,-2.325371374874287,0.25185441529500513,-0.4346994737231341,-4.425298192368782
-2.0501721010310225,-2.346624984815188,-3.9716110909015385,-1.0973376745470436,-0.5806514027455847,0.23682611678802748,-1.4047915476103274,0.36935805969990443,-0.07462478634506908
-0.04871840193011795,-0.1030679527233814,0.012561161173972463,0.7007231568595857,0.6946706116284086,1.9029074622741677,1.1226782545637386,-0.4932218455059107,2.5824424964703026
-0.8432302702928711,-0.6011887690681309,-1.6996834062388595,-1.355813971126554,0.25590685010422287,-0.45343829836859284,-0.09419457535083331,1.9353811835291097,-1.9318305565742162
-1.218813060423628,-1.1753246332772633,-2.562046708733343,-0.7945994551250549,0.6517481414030399,0.2598078568055095,-1.1109310952157205,0.013375812715862578,0.027784579492818706
-0.8781523669287508,-0.9341095955336998,-1.7882153935585914,1.3035650678080875,-0.008794689485571452,1.0249216931253993,1.188784114353874,1.2910290551841355,2.417825478902401
-0.33412344070081207,-0.2876154197507814,-0.6465237619205717,0.8402201626941975,0.513199811077181,-0.16395350002699655,0.625675571596154,0.26142041272996835,-1.7995301805549486
0.9159025423560131,0.7598067070565688,1.8115967601730858,1.4873982896858626,-0.41884874392503835,-0.5809601885314832,-1.2645419919479142,0.826407309893258,-2.565730809645342
-1.326392717739564,-1.3561250540093275,-2.7105748462868937,-0.27167438368729224,2.2297318414095484,-2.2757364037217522,1.7771828402577243,0.27924155393356226,-4.319967922058608
0.030631492594417446,0.0405792398959913,0.08655146668582478,-1.1522488412767675,-1.5679304164304986,0.6409907193949733,0.6587973683661927,1.3687846319035628,0.6586635304785325
-0.4841694333335785,-0.4927794985156833,-1.018734640808218,-0.24043719707034283,1.2609373235629844,-0.11316840972889723,-0.010196115625046132,0.05593935013240072,-0.772771098535902
-0.32767309436196085,-0.24859248219295277,-0.7181527970964591,0.1020312972405742,1.3679074507209708,-1.0126838513881617,1.5902188056217794,0.4961207080887857,-3.8017805168988827
1.0027578253046041,1.0372223479282094,2.0366609340395523,0.07898871634000969,-0.8521588059655938,0.12659671027769356,0.15929778382964058,0.3663329336500437,0.06499923593042689
0.5381154370039261,0.6049480388147257,1.0360316159949317,1.1336804787567016,2.2292736105559734,-0.5836803568061814,-0.02808307510403198,-0.2882854581273188,-0.7252228729995098
1.3373981074427437,1.2685608792196676,2.6992066537833224,-0.36127042500344553,0.9954902829453182,-0.5284261311155256,-0.660300116021989,0.4049823189246768,0.39014792898292894
-0.15450567924990047,-0.06472413840884565,-0.2816909562145887,0.35203447180292424,0.9711390068229115,0.6062911561087082,0.5818504393070786,2.234386246197682,0.44413081304898516
-0.695942611670703,-0.5330489169083039,-1.5058281234505635,-0.9886271494346061,0.028022187025876687,-1.3383824113238445,0.4766029673239799,-0.270396942095442,-0.8951336658886304
-0.22385881688049952,-0.3208737688456408,-0.4958417461475403,0.450317278043813,-0.21722615821867644,1.0473152860737585,0.014680139889711287,0.4194648928532483,1.2488709363528372
0.2424967912712216,0.1537272256997656,0.6287712765340894,0.003108550185636745,-0.20940882703960811,-1.3976861631184037,-0.789986353867603,1.2577789508694428,-3.7779254685268477
0.17657335845371103,0.3101517920857343,0.23693876563399335,-0.7498133382845175,0.3905305963195172,-0.6627014083552638,0.12992985416607386,1.1402532809442802,0.7330249674090225
-1.0843880722333665,-1.1035224709028726,-2.380441589363786,-0.2358293621748528,1.4011862750338961,1.9229461940665773,-0.06979878576213788,0.011716417719365251,3.909787796170235
0.09048978162787422,0.23087192083452993,-0.005204952068502744,-0.18417574651522164,0.1813142178614196,1.1273547616424222,-1.333474318734201,-2.3833887029573617,2.330871924545691
0.22822833013890514,0.18397475894968676,0.4593676549354772,-0.2701551293370962,-0.9114436231372903,0.09760399249544019,-1.4718123513241856,0.5167028186484662,0.081986672780578
2.5174740375339204,2.6629785951609914,5.03803980287111,1.7713412422676835,0.8244270623849798,-0.9405302155012165,0.5651533788097695,-2.2194742586230527,0.9428235461406524
1.8768446112816701,1.8899931929622154,3.741928137020828,-0.09844600230787963,0.9211507463947922,-0.5292723066998932,-2.601888315051689,1.469937230941231,1.389325555472573
-0.8532433505588201,-0.8274204682265506,-1.5850677182247899,-0.24389611017733773,0.6546595284477861,0.0732753145856964,0.20541052696125997,0.16947387119326057,-1.3009678676655694
-0.2873833615491761,-0.13091155938218565,-0.8420501664086459,-2.0974509576101417,0.7454989065249826,0.03752323233959842,-0.4780830577538245,0.999674019871989,0.6581955636965737
-1.4634420018370031,-1.4996190495814203,-2.8872906162309238,-0.8942073519794773,-0.2709281301578081,-0.09087092962596285,1.3082466068799101,-0.9021111381810512,-0.9567583790056449
-0.5907070139634865,-0.6848192235559822,-1.0252702077466156,-0.26307342445635284,-0.9289891671305796,-0.03083251408418433,-0.49346820915387574,-1.5525074733000543,-1.796714600416168
0.3156050035903405,0.2707485827875051,0.5184319306915096,-0.6858526761766428,-0.8681934306407798,-0.2143751097051141,0.659484214251896,0.2607543841411672,-0.16836124849096262
1.2058536208882336,1.2510870159525473,2.3737265905974776,1.381707593377797,-1.635463248457858,-1.4419787356400129,-0.3969138412377916,-0.03360343995614198,-2.131896405429759
-0.7290838377436085,-0.88565974496166,-1.5334568672100792,-0.16493777539621862,0.23694861154594976,-0.5165107421608328,0.11374815348614345,-0.4915408261571657,-0.3416394016380875
-0.6541464400677965,-0.5903993498026844,-1.397727484743346,1.2884442493182524,-0.08344878322659362,0.9146240539868465,0.7368365309200512,0.08466128073276377,2.98408976086417
-2.147289029738655,-2.201166161500429,-4.327204259979614,0.061704634050368024,-0.43998770452970876,-1.3683342975511175,-0.46255571632458015,2.76743589203226,-4.155085804968623
-0.16266592054490767,-0.04788465447155131,-0.18258331272136485,0.037227836421576635,-2.95561882434507,-0.18955551153927852,0.996554884498404,0.8345255473690577,-0.7877222848386889
-1.062414411859563,-1.3018404423496102,-1.9410901561703742,-0.08879644771250095,-1.247317469694169,-0.819753928770844,-0.9936978771064832,1.049498605863319,-2.233039142248409
-0.5294394273660737,-0.6080960048764906,-1.0924727772361622,0.0037962516214591325,1.1208406514031668,0.11135042939811132,0.2945928425583791,0.8439368915533556,-0.6780043250714218
-0.8768607781675882,-1.0455075932909985,-1.5632155349287293,1.7187950030498593,-0.664626000063131,-0.38863318106681816,0.9226397227878528,1.4794621438521929,-1.2610388649780375
-0.09426255425255699,-0.17688550088895225,-0.1849674608066515,-2.3196107267512183,0.3605916776568414,1.477393664974669,0.6600374917903349,-0.1900716729007449,2.688699850102327
-1.7577283913566313,-1.732961801245737,-3.3400876800431543,-2.001545744438679,-1.3906854299752562,0.5065831541902538,1.9164448767354103,-2.0547613076752937,-1.1486847852103046
-1.4670452453909906,-1.4849679079359661,-2.9434203557473304,-0.5431708310561139,1.4387054823592311,-1.3118031657772113,-0.7634393173106605,-0.1885861330060098,-4.32218993101633
2.129247112028298,2.1039093551334966,4.2716000066612105,0.014527881937568883,-0.1440276600546764,0.6712280116136986,-1.379149251348588,0.8117357099965018,3.789920074721217
-1.287422581274031,-1.303341068412037,-2.5382977152837785,0.6901044247640123,0.2900403964835352,-0.774651856262063,-0.9943351084951194,-0.9698003951150737,-2.4464091075400165
-1.0967855784546396,-1.0764467543926453,-1.8756857889725258,0.4730871980274752,2.325779791881685,-0.5769963713775336,0.660442566548437,-0.17636595048933035,-0.6672939378645919
1.836913528321314,1.7360599241270034,3.758955614127107,-0.3842459128805702,1.5164401005894037,0.3138190201071218,0.4979229342693786,-0.6917697430023131,0.7109210223995674
2.905067169240407,2.975752133330312,5.739407885485667,1.0190436932417624,-0.3065656212870578,-0.49174741973013475,0.10225665964741577,1.5020292518431304,1.0077242984165773
-1.1715666288253417,-1.1053000317867934,-2.2462334706230975,1.030195403152731,-0.5932201848703592,0.8928558163229553,-1.12295704910713,0.7494570154065637,3.498205362754132
-0.36824895678803055,-0.32974516302242046,-0.7726811672844952,0.18405783127156553,-0.3255450115195318,-0.7745100615133954,0.7668672933290608,0.651540620643959,-2.660409148018802
0.34155555094050954,0.39720889521563585,0.6341360835908981,0.9626575724868413,0.5098982484765356,-0.6189465525913632,-1.2247047776505404,0.6216013131209713,-2.783499776619317
1.7286976444055924,1.7583394444864584,3.548255424800396,0.2726452634321288,-0.10522413425087113,-0.6563708935481088,1.1589495823768998,-0.037249252552126945,0.7009395945366883
-0.9868570784282374,-0.7833497481551307,-1.9706055980793595,-0.5614830267828836,-0.39524414500347166,-0.5656387483550389,2.857438423139865,0.1975562825275035,-2.152471263461841
-0.24527784594210975,-0.25398726304736075,-0.4626981004330389,0.6978168390000047,1.4671812507090423,1.099191555547813,0.3664511465715505,-1.1851845805323176,1.9862585154580996
0.777337576061744,0.7466292542282864,1.5560736743100172,0.11061312257867771,-0.11420989177783689,0.6287962936103031,0.5831081356577431,-2.1864419787505676,1.011483637676648
0.43476607446661863,0.3594133164308808,0.9031904615937807,0.001339846754486929,2.2995890930373193,1.709943954012071,-0.4928597688955594,0.15008113034502407,3.725087963838074
-0.37615607123009925,-0.47938233828788296,-0.7098155527165836,1.4729535721895743,0.09074256375217302,2.2676442038992546,-1.8102133210868163,0.3239902562721444,3.1568415849238125
-0.13382296451604114,-0.25827014327614867,-0.4613426223026238,-2.4508721285400865,1.7853183942247275,-1.0307170319323398,-0.6027193630302223,1.2092645684253776,-2.1075630156050846
-1.3748958083699818,-1.4637755396930736,-2.68313434987901,-1.4176841701595697,0.3573194227106268,0.07041912732728889,-1.0928952410987494,1.5713358160823676,-0.36342845368042354
-0.23817374397466523,-0.24524178213987236,-0.5745494299323606,-1.18707042637437,0.9629605732494478,-1.176200316643433,-1.4470045764150157,1.5699984849989468,-3.293994564830211
-0.2663874900089551,-0.23295797715918368,-0.6770048935738514,-0.3632606475688056,-0.7246110515177244,-0.7776059277482671,1.7223599419956492,-0.9980235932938778,-2.049885533760361
0.23216988962625595,0.23728409548147214,0.45849865486664365,-0.2546081697660301,-0.8537592225874118,-0.6300825102556694,0.272862518025773,-0.3522650349497693,-1.472109351742182
-0.555327218819016,-0.6318807465619873,-1.1022563373065866,-1.5073256477730475,0.4597059550149875,-1.0571548741382744,0.37968758061398367,0.48033429588137955,-3.952415284189683
0.471538522545139,0.5615569789471353,0.87372642863305,-0.9851580323108263,0.9885532424653152,-1.0518872728984137,-0.30902236519624954,2.5319046777421774,-2.0168373498055536
1.0127158178198286,1.0866570850499233,2.1085348214064545,-0.8608416785235702,0.040256502000462865,-0.14428437852025486,-0.17287108244343635,1.480099203713916,0.28129122108385346
0.15542932766846604,0.13946449692626434,0.17664113869984138,2.457424092075892,-1.2863933350836971,-1.216718418386407,0.9645506822393334,1.1193971619983802,-2.5107833273661306
0.35175640839920347,0.2864647939327323,0.662818441921151,1.8017419477471466,-1.360258366289327,0.8421269591376328,-0.03233711869521544,-0.3877879555492906,1.5722069575979476
0.053155347577867364,0.10799813966084731,0.04782328166243466,-0.4117494176846493,-1.4271364021862412,-0.9177535374175142,0.5306939380247327,-0.8831996311551246,-1.62959205684161
8.439309141418043e-05,0.01888175184002463,-0.004489940851105576,-0.3635832903067989,-1.767622112939381,2.809568970096392,-0.19600429784501586,0.7889078833832395,5.000950166496961
-0.7215580335428474,-0.8663707594843522,-1.415229638620971,-1.1492039971882941,0.10948535944708751,-0.45138445096439517,-0.3421528907320472,-1.10066126423436,-0.8454772986750416
0.316494261673308,0.3096962360748675,0.5321992283842616,-1.9081304132252668,1.1250439217080253,0.07201764191705222,-1.406914165601862,-0.23843635098030264,1.9296420909995824
-0.09728659841348947,-0.07108301720605137,-0.12214492908135612,-0.11688018640852403,-0.013415786924808768,-1.2953411844660352,-1.977749062367128,-0.11477794900192263,-3.209257224014352
2.093168308930595,2.0031988302818196,4.192636854694659,-0.9978519832440257,-2.2604147573378524,1.7060917581276394,-0.2615619010664018,1.592912089122808,4.7964112105581815
1.5733549024752425,1.5923392417589868,2.957515179619294,-0.08485053166200977,-0.19076046033454871,1.1195006808029162,0.05649669199323269,-0.35469730295967755,3.1929274169968047
0.3858465525565008,0.24036430403072187,0.5758339610732985,-1.6002058490434774,-0.1627989966326071,0.29691587073611253,-1.286130036708791,-2.4392496385726155,1.3257372780797179
-0.7630572096947675,-0.6294385996935504,-1.527346348682466,-0.7619744583102578,2.0959987502254394,-1.3468025487795656,-0.03447486503463288,0.5044446476624683,-1.3064623976155727
-1.112411471983418,-0.9876164734774747,-2.2469196757454712,0.14862709530283086,-1.4571379129195563,0.21066687772462028,0.053752562990502024,-0.6990218531039264,0.6051735237918159
1.191142953088865,1.1658912196585687,2.3719438948202667,0.3662095977839374,-0.3906776025991957,-1.121431046017255,-2.156008006059379,0.042631024437746814,-3.437898731730275
0.2627492251471385,0.2990946589310458,0.5227002046412552,0.41747195874201454,1.7058526805445642,1.4623552634733608,-0.9151246594795012,-0.08670470084212364,3.5701954129491544
0.4801434033916108,0.23915120681162333,0.9828427907342397,-1.3204889841570373,0.44997834134654807,0.8091947318531727,0.4072638937354685,-0.2737039958177683,2.6847246459391427
-1.7445859869741926,-1.860220753000726,-3.3944070129635553,0.8546857301355617,0.5633130735164247,0.09543903848773612,0.3870587293957439,0.7903405817847039,-1.2659931575191865
0.9274384815581808,0.8980605895429677,1.7437664730246056,-0.8002116966018503,0.11458443702387822,-2.4363756632473224,-1.1536749163997606,-1.5328648783527072,-3.23524313743703
0.45442033821436295,0.347207036071677,0.7916435171386464,0.6328579146073064,0.32994353865726456,-0.9834159786590306,0.15844805049973495,-0.5170142249543602,-2.3561629639966957
-1.110430684414478,-1.038991036151412,-2.330193754617694,-0.010638676618193147,0.777609530278536,0.6877611315998724,1.0224072253604721,0.6840379131173813,-0.33940799455769266
-0.47152480744994896,-0.27179515437514956,-0.9141579481830272,-1.3763874990779479,-0.8094863188927663,1.2128836917231558,0.7770729589908982,-0.6140847753443682,2.572985144732435
0.2637172043565196,0.14605573241358938,0.6519291465776837,-0.31619770458118795,0.8780585789081998,1.1091698114921316,-0.09528578701393456,-1.6088067092699718,0.1682398207725242
0.05246679835624363,-0.03127954205227565,0.0617996528885362,0.3653637420637676,-1.3730030168855392,-1.5920130022414554,-0.4679763133242924,0.6685553432567358,-3.4369152411632573
-0.292171185803555,-0.268626348972562,-0.8345123560230754,0.612965380474599,0.3283679728315381,0.30155230681290407,-0.6293444843345044,1.123094630441539,2.279518507447954
-0.10348826806596086,0.05762334678400123,-0.3773758223929593,-0.14098789744441861,0.17874096328632716,1.0155152164829295,0.4678197829096571,-0.04499520764300634,0.6519893879836158
-0.25197737820688537,-0.3742148094608757,-0.587258428693372,1.5317788906010528,-0.6162930881921079,-1.6583355655822452,0.19510397314288802,-1.9608455984695325,-4.738905418503614
0.15256251210246857,0.17746612433316278,0.24935213545541568,1.007510770986559,-0.022685275325646737,-0.007904515373236347,0.6294040061022004,0.7059697466988162,-0.8226588240117316
1.471491972993157,1.653621858074468,2.9021450832608413,-0.25665411639975283,-0.6225401526655531,0.27384239830845625,0.13187381312115198,-1.659887881419688,1.574983476475444
-2.5666584409312976,-2.7318343557492244,-5.129458769564503,0.7501218121369445,-1.0717013268617444,-0.3007645848467349,0.8187639503474419,0.3087992768481657,-2.506055272628401
-0.23685026450968424,-0.36495718519426745,-0.5048751621016132,1.9337934851881868,-0.35361474161364437,-1.8521618554012016,0.09459253295770016,-0.8874638247421598,-2.553423576223543
0.17651242137244696,0.13415176072636315,0.45795880379923465,1.960484600783027,-1.1039886353716615,-0.3256981100737287,0.7846887161316864,-1.1598392857669653,0.11779940655265642
0.2959939896870995,0.2439351484015584,0.5243862488060621,-1.2279998808224974,0.3227974640932481,-0.327305430255024,0.8708227703666389,-0.4419100170796902,0.04577427961006164
-0.37191458132128985,-0.29065445254592537,-0.830060958590134,-0.9265331111571506,-1.1500854941523635,-0.1480724045477542,-0.8045266302248135,-0.18329755642725984,-0.042118000354113144
-1.7567217824785826,-1.7325558104964989,-3.465556011105119,1.484918786733851,0.7119770229910514,-0.5634714254250696,-1.808144046870746,-0.6442082503864482,-1.6716001148355701
0.32799548371410964,0.1504992777498968,0.5024267604356073,-1.0582810508376372,-1.18147906792882,-0.4430121532414673,1.5434928560145533,0.5887032782151507,-1.54312481490035
