ad_budget,website_traffic,product_quality,customer_service,platform_type,sales
81.16262258099887,987.4051412887529,4.86919789118595,2.712995456928133,A,25852.860074737877
190.63571821788406,1773.6369509042686,,8.042163363974463,C,38712.17729869971
149.07884894416696,1433.9845297752445,8.581982151248496,3.0217078690818786,A,36482.60762960787
123.74511199743695,1111.3696773064148,7.609162842608979,8.608541042020228,A,33526.75397575004
39.64354168406294,610.2297187005432,8.954072103659694,8.256224701363088,A,21990.95833415444
39.6389588638785,777.0445743321125,9.071059406718616,7.6699575819438115,C,17689.119299959046
21.035886311957896,457.2693898732914,7.958540837005243,2.289283044198097,A,17950.365559720856
174.57346769723767,1679.9291242373295,8.859093298545705,4.425026847562629,A,39810.04158183504
124.21185223120968,1324.6980017582075,7.882300231684986,4.104900559286743,B,26364.17123743586
144.53378978124863,1238.6347655443028,7.7609854023221025,4.881091259772153,C,29255.414802593168
13.911053916202466,370.93465304820825,7.33027964750629,2.7011419741107083,A,16566.243772417576
194.2828719107789,1731.0204804091336,8.269016476903488,9.495662584248503,A,45402.85166693511
168.16410175208014,1411.1577782061267,4.110235737051516,10.0,A,36512.411898023856
50.34443102887247,925.432328095614,9.1660953143925,4.444194485264188,A,26491.76950507482
44.54674376934912,553.675771676096,9.102904694216624,5.175852136594267,A,22935.9774750519
44.84685687215242,674.7327100423855,,5.577620324038685,B,12574.956982804795
67.80602616231216,873.5623878588989,8.780717253953338,6.804754666884938,B,21274.882262790135
109.70372201012519,1109.0081423074575,3.9020890723141166,6.125435421571982,B,22385.215619775277
92.069553542002,952.3746879035018,5.345831979813993,9.355135785715339,A,29197.85743441795
65.33353663762796,934.0764433886536,8.204557794041254,5.975707863246642,C,21083.91065509868
126.2520499972521,1066.2718234589752,,9.937264118586501,A,29727.921340153844
36.50383352388795,683.6855461788285,8.725769168833436,8.811399661960767,C,19851.27961425154
65.50748322169144,874.7266335247307,8.824939245704194,3.6680841148586865,B,19567.01971195601
79.60875022580143,999.5807863289577,6.552274136325853,9.44476171715133,A,27979.84690578848
96.65329700123682,1116.9869188774694,3.044701102017835,7.327327957709522,B,19501.033833508267
159.18343266467258,1240.551828635155,,8.539597667929533,A,36148.47179713773
47.93801861008835,579.5654018672112,7.318488428630196,5.044986347812641,B,13655.263361068977
107.7045432985862,1245.6962067700451,,9.023794563560557,A,36203.197611035735
122.55876808378807,1213.9509058983854,7.422694689116678,8.944453520859604,A,32987.0978101795
18.825578416799566,513.7222969056112,4.818625067449119,8.447403200940968,C,14848.68309367932
125.43352186127329,1376.022607299706,7.438039921697279,8.320243490456491,A,35172.71191691006
42.39958350058539,747.0786653683627,6.779897658010988,4.437433112784326,C,18339.127857641884
22.35980266720311,764.4945767572763,8.458917766058004,2.6473542644100174,A,21466.085087842766
190.28825207813333,1554.6876041989462,3.7488644717887087,5.223841430121292,B,31242.962925535914
193.47008628416629,1811.3752255487532,8.327195317514196,3.3881961198920694,B,35942.933102657946
163.59549614212762,1610.4161298748866,6.788866050732771,7.559608711219694,B,31580.019250227342
67.87661614294043,843.4456909686836,9.740944027012961,4.768797812302284,A,27548.989580880552
28.557701661212935,773.6558732511938,,9.80488160687932,A,22574.824328912327
140.0042750373098,1347.4686266554218,7.4283532519376365,7.127776618762656,A,35498.8524650504
93.62897381052424,1179.1951428617651,9.524196738570122,8.579844509074888,A,31751.39220464812
33.187264620507975,566.7391401431814,3.717568095934755,3.0601973819347874,B,8873.136882414798
104.08361292114134,1154.7860462660901,9.560599410655158,8.89611585818098,C,28050.983938111083
16.533819011891495,717.9469429873537,7.815200056105693,9.382057524107154,C,20306.331277484933
182.77087639496858,1294.1910818015535,,5.896495350551487,B,29199.14600164522
59.16819650400321,683.4340592521247,5.106744968627714,6.8500235020078195,B,15973.551537943247
135.8792340272566,1002.627925818699,7.957204620516971,8.118478407223964,B,25330.288303039793
69.22510445698808,848.4092543800875,3.4714542102814017,3.3987090180833004,A,23415.4045145979
108.81292402378405,1184.5761528263276,,6.020528611707539,C,27265.411278994743
113.87495307522313,1306.5950881652504,5.421181398670697,5.189304222178505,B,23985.01721684595
45.122346549850135,757.0642796745487,7.34640862437234,3.170991937297993,B,17016.80717778094
194.22107927526613,1763.6498014825188,3.32019423668759,4.9402753783322515,A,41147.32381862587
157.27523643861176,1199.4016254265775,,2.5453784750839485,A,35462.708530348915
188.50479889719594,1332.3705012119592,9.814422784241778,2.206495255595896,A,38641.628653560736
180.01719658125327,1483.4288573292988,9.78214498699984,3.081330313238582,C,34470.40861333367
123.60099597410618,1225.8933317303008,8.247562822200473,9.70492089271339,B,28383.111990630452
185.1561046543922,1514.435205827866,3.9106036809144236,6.396236287160136,A,38719.70519788882
26.813575389864706,399.3816126394707,8.307842371503158,9.726577289225759,C,15320.484311364871
47.236743859637585,749.1076864864721,3.1721084152116106,5.459983026641056,A,20975.728839144194
18.59318489300223,445.72617685092996,3.1548648607029808,4.494529064682077,A,16600.500307107533
71.81276284502022,975.3309015072159,5.265271534046789,6.049134902721953,A,28058.47117510854
83.84868504100159,1005.1595572571305,6.42050233283266,5.516093509063281,B,19708.488818512815
61.556316037040226,725.7741638444386,8.392851924654552,2.8453174740939513,C,17533.616539469822
167.46012673886656,1359.3666669833628,7.783067636245536,7.12661051752165,A,37835.5520887814
77.78313207178196,800.7016037681267,6.121318944637238,3.728305460076797,C,19904.042774185866
63.377556840602345,841.0550709505322,4.9153866639716615,6.956703639182637,A,24931.250208052494
113.1122558000672,1236.7344853605182,9.979871501103979,7.201608739185227,C,29548.45177182527
36.77560274520491,583.9786895383617,5.983269115651811,3.216198825029185,B,12779.615010795767
162.41742634326755,1453.7814267501128,6.159709170307728,2.4907970168853453,C,32599.816976918733
24.164622299156456,569.2745084406677,4.145366748341685,8.246092688547519,A,18088.229624614647
197.5085179540983,1491.1521088760594,8.563666841249505,5.678403390154561,C,34918.88957889737
156.7265061663649,1349.15214072046,7.855775580470421,2.4653103640438063,B,28459.3379164858
47.75597949149276,638.4288085128853,4.545387289521322,10.0,A,20866.830849432354
11.049202253484456,494.3326957525026,3.576667319310899,2.462244487970933,C,10957.431694348752
164.9376714064185,1263.41184562464,7.763495114522992,7.560281830868425,A,38341.68101288155
144.30289533104724,1529.4329402707265,7.5815784999679465,9.86943140210731,C,33725.00828148222
148.5113619277876,1321.044116839439,4.912816688987466,3.913440833727405,A,33982.26438439228
156.54136587032968,1277.0104513277029,9.656044935752872,3.1379949494975694,B,27671.842653049935
24.068483829477167,658.0542503502311,4.057405242466301,2.971079515379431,B,11328.316601078443
78.1084884234118,916.1173203658653,6.026343607298213,4.426201180540764,A,25813.51828655076
32.01512130977464,649.5668152597738,9.605311441173193,2.8083664880851735,A,21744.02600144013
173.98965091636276,1530.643084045206,5.938091218482857,7.537290733553055,A,40257.68651974494
128.42664409723602,1297.2474677404748,7.469681633648599,2.4983343850405015,A,33720.105516300486
72.87062472200334,837.128298257755,5.78316078573956,6.075377025198318,A,24346.256009389992
22.076086554344492,552.3202871715331,4.91950641644069,9.973574830823814,B,13546.098500875494
69.08664112597582,846.9703225346697,9.887843535718797,8.51176215604815,A,28610.573856075873
71.78483118508194,618.5860317496805,,6.921755505848087,A,24642.294900980065
148.62517388423217,1135.6155288994507,9.25869442575394,4.450028966292893,B,28818.562311381647
131.1359195574905,1385.2724696595408,4.6096822412376035,6.991166690333108,A,33107.9768059357
178.57042108950205,1679.5334416124153,4.491732928175583,6.216331711293213,C,33809.4681477597
99.72083578077037,1018.5802720474716,3.2179385801915794,5.408667071122972,C,21143.044419839
32.72290672827732,749.1628225722172,7.561667777631195,3.045683013921596,B,14915.521563303904
145.51650957236905,1337.6908211932541,5.5796844060663275,9.092833721923734,B,29091.949480331303
154.54915923721052,1719.4860728192862,9.05050774887746,5.59827719057058,C,36659.8818306245
116.64266753820428,1275.8836608322727,6.3124693468409,3.5569800945661205,A,31904.77433876275
156.4837641913666,1345.3105920748244,9.777353995403052,4.942074807018317,A,36893.58368878242
103.82116330923424,956.3515453287373,4.298678609921848,5.313038020231416,A,27687.79395512052
109.31923758257886,908.482248273275,9.080362175689276,8.620303164534995,B,22935.105873262593
91.23279348812443,1026.1960004887512,8.436177969542193,7.868915044491216,A,32404.229833988215
14.829634081378085,490.800898013463,8.396452912508364,8.154439149130718,B,11834.684198892654
30.499371128727844,497.0760960562822,8.913482596818213,2.0882501154291777,C,15068.680140220076
15.971545280479507,510.2547529335341,8.327167936600993,5.329231985438092,C,16846.800029325674
130.9179781401183,1090.2631193369234,7.383542251419907,5.850753213082589,B,25211.50681597106
69.72763640450208,1085.958996433469,3.918714143776713,2.1535382145844535,A,25458.627649867016
106.62843132129353,1192.2531431010484,3.2276832564387634,4.078505669960274,C,23800.185216685135
182.43763004595766,1502.450248294773,9.445934934709808,10.0,B,33938.03164679081
57.36552353828624,993.1036761273774,7.316552201645166,3.0968776458319924,A,27333.15604281966
87.97275537676965,993.1343514899473,8.575761036833235,6.282481051620733,A,27170.471760078988
153.55471632317924,1241.1968356180942,6.370656460587851,3.7216149761379,C,30460.497760003316
53.47165144340827,976.8689722111044,,2.096966197151146,B,15092.700176779123
24.626182867470668,700.1132110132477,3.876300545417853,3.929611660796332,C,14329.084523894127
65.05277605361593,733.3207297757128,7.798957010602799,9.80699003928043,C,20648.704957760947
40.63204457826084,700.6356038104016,6.012141264296239,8.412296895063918,B,16562.59168323768
186.64255394508888,1421.459856291818,,9.676613154568267,B,29919.847937561422
163.54287211723923,1233.5498289290954,6.441161827190058,5.9028323514109,A,35601.67390142554
130.34671373698046,1328.0482312571894,,2.877889589420028,A,33713.69291666655
175.57751213566635,1694.8063136025805,7.073799813400791,6.383675911789544,A,39571.54253981024
162.69769461083175,1227.0092115012778,4.8829538310456835,5.635018676479687,B,27353.642477739828
45.44831118834681,817.5220199387759,8.582913704460317,8.754856661916929,B,18158.050543697194
179.58620971309577,1409.6470451274074,,2.7846606462739567,C,31719.19529036755
112.47502596397364,1060.1575967500917,6.186541043572609,5.9059290961742255,A,30234.27455339366
163.41362948117188,1327.687691237781,3.0813437793567044,3.200389317551874,B,25940.996457147732
180.25734698546373,1387.7365160584725,3.507128214561912,4.59740741512048,B,29313.46459640072
70.42066024465413,893.136226698977,5.747454894846793,7.898856619102397,B,21204.33442460988
30.909865660258586,570.2902471620978,6.3595718430198644,5.808145034950132,B,13288.820051504168
53.30768088296892,825.6470639499098,7.200143836835126,5.007106281166155,A,25276.893237392822
91.1504798389887,995.2990659805414,5.041638050965123,5.1558102285602825,B,19196.30858632422
165.4228055252737,1381.1516647650362,7.864873202885798,5.675574147247893,A,36415.557447966035
173.53881081870526,1345.555820057887,9.020856780324433,8.280132350696455,A,39334.76122295272
11.320904800926234,493.05241673689443,8.45895692225345,9.136677511521874,A,22064.37619854377
107.0419874897375,1179.377878292647,3.2773317774385,9.642677492031426,B,24103.380517425056
89.30809059826801,1051.3045608053997,,8.29522709004236,C,24228.81545584203
52.200483989438744,669.796032566087,,4.523255165984102,B,14053.512944709391
32.77441979339973,692.1791855152056,4.694315111037692,7.505077648692337,B,13236.530158912872
74.14688256668931,997.974308921406,9.906638152870025,5.500824992443135,B,22636.637943738737
189.15284374337864,1340.012006854018,3.9974688003105925,4.037364976368409,B,29841.567648532127
71.40855708394349,957.9502870472814,6.492217074159493,8.726972635407382,A,27276.126290378306
108.57021813123956,1017.6213486483159,7.327090140226834,2.3074107916986,A,28576.15273422103
143.5736021900838,1358.12665227664,7.917254793808728,9.214095937083389,A,37184.41706185286
79.08962445206586,843.4018357012601,6.9175407844083985,5.691819716997873,A,25908.99239539952
194.63859571698254,1353.9264243636617,,7.0976118144662435,A,36814.92888233676
192.86498603900114,1365.4523306685267,5.285229157707944,10.0,A,40151.2082503397
57.83863620681919,823.8826927368714,6.6239815036929794,9.160941925652292,A,25522.39272857405
104.47721611955323,1105.7913888641206,,10.0,C,23903.746688001393
67.16687886518623,760.8998387459952,5.454388518464265,6.911468678080494,A,23792.104176392248
64.11969393171884,929.2894116777385,3.232421761539566,2.5332163244855197,A,24260.443502295893
17.008519997361233,394.1644525132116,3.5500494800851454,6.147264175561633,A,16400.13554446675
125.8172234561804,1184.0651531713143,5.778462933411173,3.2013520065363332,B,23589.948969429024
105.50901441348368,934.9776353026656,3.9290102783014227,7.899470149771885,A,29335.967434190967
19.780962737497976,530.5749621199798,6.972785937830907,6.097775366501396,A,21227.935968829184
62.94282820495617,851.8733956852287,,7.4418222336668265,B,18840.55414549143
182.5705183336642,1400.8882470010788,8.60410689376358,2.333383204819074,A,36098.642026997535
55.51675922672476,759.1955104394071,4.401051709713671,2.6783361283664258,A,22934.501041201245
37.53002569733239,827.170278441061,4.172378075813488,7.730587104501458,A,22244.239669747734
102.99602445273698,997.2511101472755,,2.576674687989387,A,27581.88801536696
197.27358628101413,1685.287777993395,7.455011746805457,2.570053822122069,A,39217.7111591223
55.99050158718508,672.3829361706039,7.945330085408308,5.242169504697749,A,23577.582178504337
137.70575400711692,1320.958148388977,3.2211030137794943,9.65201118639584,C,27766.909657844502
154.70772691245634,1523.8807324974578,9.55348572370583,7.900066875672056,B,33398.797983343014
55.15113335855594,506.73389345678294,3.3637989855603068,4.826011268016513,B,12520.382877102727
148.3611062362533,1220.358653642936,6.789074347107493,4.372284650301242,A,32857.536059852035
79.87879521665812,1008.5820289532845,7.963423636156415,4.797625837966796,C,22892.511259073803
130.1381078127801,1191.3941466451315,9.096783866222598,8.197228249449456,A,35416.10680012096
130.37064504456998,1261.5760525496921,7.998608524926994,7.290964888563315,A,34730.48741031885
111.79718997420412,1042.4063224522242,8.612096581488544,3.4815645429397435,B,24066.825257073167
27.155056310337578,659.7435842036047,5.3761513477996425,3.392874682672675,A,21909.117883873412
168.70747416195522,1409.209839643704,8.703775796225585,2.7871651977071785,A,35838.34269186825
70.94821234462981,1030.3490152946408,3.560803924692726,7.282421757610705,B,21142.723958222396
45.438516975972306,780.4423445639933,9.263716592423695,8.114981297773888,C,20701.443087265496
17.747276895405143,638.1223423737525,6.833146633076153,4.120371426600032,A,19199.960733656793
122.26965920576595,1123.0578896970167,8.721084389737456,2.1675596882473025,B,23247.254924920053
138.73722875003367,1204.542011236486,6.1662279916281015,2.6573733398114188,C,27060.859444347327
13.15168749629267,520.4272986912551,7.505043866375675,9.742880278760243,A,21590.41036543048
107.29768107686338,1137.4715030081443,6.684818626552793,4.363558219819362,A,30336.503553537917
53.03419728760821,741.1699473834136,8.121126652287323,8.153785182705068,A,26611.605122293156
132.58283017779547,1263.9785488054447,3.571409874214127,6.99730855083411,A,31028.477111027914
43.129621510948375,986.2610141476687,3.4224645879339466,10.0,A,23666.185913421457
141.27817023946852,1381.5649007288798,4.729722638071025,3.645498097564441,C,27498.456525548634
83.4797157971021,920.0156130239207,4.116812760792318,2.9710913452752514,B,18522.304744669033
187.97869785997955,1678.028508889561,9.102484966145411,6.920103744310933,B,36573.167956957666
36.12897938773872,649.7403418699768,,8.197070245102303,A,20970.750417566884
74.80260669954912,666.8393926261778,9.83105679073392,10.0,C,18613.23507547326
31.559969035711923,552.6094723863271,5.358270542397748,6.2424170659932665,C,15170.501403799333
185.69178747292693,1296.8098005779952,4.274825409820895,2.33560978745309,C,30384.439447035453
176.6944771423864,1429.6380061981681,8.527889549997354,9.74791022075507,A,40490.66128671176
59.008909265879566,826.7592064650839,7.610954428506133,8.389713533236597,B,20366.30008664981
135.396968746494,1445.855805578751,6.487370015171972,4.342576293607718,A,34057.780396596405
165.27221803823102,1448.22848406197,6.8875448565634185,9.839762634870805,A,39474.53524710696
115.48815420389785,1108.8927846643746,8.034412447905847,6.815052717090577,A,33272.44665043568
110.63360988764123,1208.0135241240455,4.599183189319091,6.659381265657972,B,22236.970224849352
55.95193527108582,542.3994069100258,9.974337412397194,10.0,B,17483.30634811386
27.68952588312085,680.5661393301925,9.823552135027482,8.4941583047211,A,23422.876674211577
180.4709940111321,1585.0942903276625,7.552279804428558,7.251828858652021,A,40549.368430652794
181.0794308610328,1318.5065202420994,4.396797156504016,7.5619149273240005,A,35503.335907152185
130.2892768819209,1353.8415080353964,7.761597697019039,4.706140047955987,A,34161.18399205198
74.41566029925313,949.905700545222,3.5053888628542307,10.0,A,25868.383712455434
76.34981917640557,870.0894558021345,3.2145675154406423,3.7969248947508154,A,24062.39735223927
147.93157898534548,1389.5575083521544,4.8037802195784955,4.977336190700107,B,26579.314850778752
180.45094939098965,1764.9633645869706,6.238360697175214,10.0,A,40147.03034809758
178.54642061037228,1503.829263964067,9.077907537858664,5.5152399175556175,A,40623.97690341553
158.17635371294853,1399.7564157772572,8.090183488364156,6.903516659956204,A,36455.49808755976
131.98601276931467,1170.7997622864013,,9.544606701957662,C,30256.325724719336
25.986593349059277,540.9449390840509,5.978453341136527,3.9255416946600397,B,12598.125463604292
40.70945567797662,823.5423042141808,5.421544947828741,2.9720110104073445,B,13554.559431066386
180.72529582014505,1391.2590679017337,5.597271340892219,3.5797639188794985,A,35951.10862200035
125.22152133532208,1197.3063158105986,9.913546946152405,9.095399201674155,B,29365.85707485113
11.747439807159633,507.2920253275639,3.2807643398873774,7.166486501241648,A,16586.929230881717
29.2795931445461,718.5153413845705,9.06922047285714,4.287254313913281,B,15298.311270811635
136.0653361305306,1288.398801352352,7.050727860006754,8.527575511748939,C,30593.605658135308
10.96170093078155,684.7941484302464,6.070307934327133,8.890959970907488,B,14991.476007867765
40.55352976932474,661.8424458687165,8.076803622905956,8.772114709522224,C,18470.1335831118
114.25941997965137,1096.0418176528779,6.40668258997292,9.351412269116436,B,24227.238156337615
141.46008756161172,1160.5788356949874,9.113962666571624,4.017928161386893,A,35278.123254046965
133.8726393054941,1182.984324971084,9.30491304807881,8.040335429970227,C,31665.65842486854
52.61116879750636,834.6374875516672,5.952046488114188,5.68431597819312,A,25163.22109166388
145.3140520560318,1390.065920305617,4.937794580645361,8.735988423120492,B,28794.514286241934
55.077326624392015,692.265457532841,7.146452300153536,7.827925417292906,A,23340.63222641564
71.82594265026087,999.395394989114,9.386543419316837,8.211579571997797,A,28629.811683607983
151.83336697242459,1497.7600614049293,,7.249294701448572,A,37022.22280961493
133.4302508189708,1283.4785678911835,,3.419430155757655,A,33965.211038138244
171.3524479938938,1667.6539614733838,7.420921540647644,6.360215351175507,A,41977.81046299037
134.94644953706523,1149.3507685614302,,9.877357916196065,B,28269.84770368666
117.9786346337396,999.5239260881978,3.9209737958908186,9.49910453197695,A,28381.095294685027
27.79820588733757,439.4437025118432,8.01077475277462,2.3453898863760934,A,19823.28133838174
79.86600258129236,1118.78833157581,9.363227644659487,3.318518525835497,B,21658.952223401622
60.38844985952784,910.66035298989,4.257781762091694,3.0538301876364953,A,23390.979186855013
56.35803224202588,803.2990168218877,4.6628032744671435,7.807839279882364,B,17338.425730190407
194.87200540296465,1605.392264874684,9.799765658291477,8.54228263885556,B,38204.47808351109
84.68856768668448,830.7284366009594,4.266838668966429,3.7080909304853753,C,22744.363596844847
179.48884548365152,1780.6788877141025,8.980695653587054,6.046821543614632,B,36487.236955174216
129.91633893947994,1230.046406004167,6.4459449951362435,8.7256242240896,A,33752.90754248508
161.0141476729132,1398.7051875536097,4.730617520822239,7.862412358130005,B,29906.438852241557
105.5010476899865,1167.3477571627686,9.09524930890758,6.337897643934786,A,33340.18980653494
119.61173807900823,1215.5856672429509,6.117136785018658,6.722781523670183,A,32087.2961812232
103.57836182558414,1096.5470729542087,,6.06688437533024,B,25097.309846342443
47.09616768162846,664.1719875955191,5.51463358579836,4.380387610550565,A,21768.993772108654
147.265901899686,1366.5386633045925,7.150655960044492,6.520175942872129,B,29530.464599002367
63.3467488637626,1074.2500583276983,4.14466710809516,7.5110824164007255,C,22534.888046124994
14.62003362197623,741.8605904594666,5.7375707565623255,8.98658332688646,C,17282.154908874796
132.63973622236188,1420.7009444197179,9.785886256347013,7.090330831833985,C,33024.3764957322
43.651029087339296,678.7347788086239,,8.088972296345265,A,21619.3150501372
188.6871310270537,1419.0266422177658,7.597156651789046,8.201432699091459,A,37735.94277964035
191.2464296304916,1536.760932555746,,5.692459795358319,B,31088.14403380919
183.82423414188523,1517.720277255012,8.414311879806204,2.0746529586167464,A,39475.70987917158
80.33015304853444,1073.1188239834532,3.916115625028449,3.973430916172984,B,20480.021013624835
12.936757140484811,368.0564087068882,9.788747315549813,7.811693720904039,B,13152.424155695975
186.3805268916678,1708.6389362394466,6.176526789685475,9.934479610794908,B,37012.320687323285
91.35498818028972,983.4914871621147,,2.7934247966977273,A,26474.822204331427
193.66441561829723,1513.9285575069443,3.5144772313100887,5.211954526890306,A,38748.717141481924
193.08779564695803,1440.530351027049,,8.400567749593275,A,37513.19336563303
172.07179653879842,1247.8120803394988,6.638417639892124,3.6322850770311907,A,34824.223236303915
65.94528949322128,961.4795622881468,5.359022235019005,6.44067959441829,C,21878.76574587551
83.1685684343658,966.2252824516203,8.802183561178266,7.864570368237398,A,30261.93193238165
171.7159675882028,1289.642513766189,6.016212665632642,6.927883602081432,A,35991.88765873064
70.21518097969275,730.7740427406761,4.740999908113409,3.504197876923329,A,22870.811351463963
42.20362187035757,691.8257563721512,7.32001490622821,4.843076549485915,B,14045.531547222039
115.79223986708654,1337.1399023037031,7.947440518198121,8.270334275883178,B,27416.724756119627
187.86940709054838,1502.1307768343836,4.16929335530665,6.433812113056133,A,39198.64566886669
142.24566136824487,1101.973983151174,4.173334514018224,2.041836908343302,A,30828.9028592251
118.31162231697934,1121.224755053073,3.256699988534801,8.08792608022475,A,30866.338429265525
28.46353381644602,623.8226076207326,8.154814105459483,2.2824908395219126,A,20757.96609696136
126.85137307284225,874.0561547476439,7.646631693352636,7.965870261849857,B,23571.784015706427
198.11023151981001,1583.0908893768176,6.322416130248698,3.6198444813218993,B,32304.363055004244
36.615962894939564,673.6756522971262,8.90919314278438,9.664587840955042,A,24986.515640548874
108.48263394910998,1180.199250497715,8.639691070650372,4.943526010416676,A,32534.826824763324
176.70088366631154,1693.7295915581549,7.097480550777265,4.615452930704633,C,35964.74393815306
150.74603737329883,1464.2910090988746,9.07789896359281,3.1911044026595574,A,36657.91829331337
142.43299078910093,1251.1148064734755,4.440888470257377,4.444833723921719,B,23457.67894451477
143.47197595755077,1156.3127587175288,3.783437335784095,9.013206094625605,A,33864.27935266175
78.30331873175348,1239.4714294146274,4.888247280618927,9.970674701017979,A,30049.402012657934
65.78245041025374,868.9096893381342,,4.946476244054787,A,22957.015023482487
163.7786195409176,1402.4539225046003,6.7181866960072245,5.5888850476363405,B,30580.49417170956
163.92154498904435,1398.6734869865436,9.55623984606473,7.776567505621896,C,33541.105104007904
174.7437405302197,1484.8607442083508,3.2754047846795675,9.089566243720597,A,38757.740523399276
183.51570498572954,1492.0131279906393,3.8547693980701876,6.744354673494273,A,38498.77062971024
107.15505578357818,1020.5133659840517,6.165393197984047,5.132205585422635,A,29940.3646046745
105.28809599056792,1013.4614549992766,9.537125122695334,5.30097472678899,A,29444.79957761067
161.67608400368727,1385.2880695943602,,7.564945171974455,A,37641.419640562206
133.4931468477754,1169.001335126713,6.550643660818747,2.0257461088342295,A,31843.898356427155
143.37370667896363,1203.0138928130405,3.2910100133527447,6.9567146996787255,B,24995.80360620201
161.2006071928592,1399.3749668837531,4.0384024067346225,4.843944083530859,A,35281.558996177904
179.1010149453376,1454.458316108854,9.90641086071193,8.353578650216674,A,38973.687850331444
74.2190798017918,1088.6840975397777,9.755830875052318,2.7439251185850573,C,24449.731548087628
81.36076100158937,629.3678085015802,3.0345798665408674,6.705618135587124,A,21674.927610875664
27.85656856976511,784.1919493644034,9.662682497962674,5.84778311908899,C,17746.31950669444
119.87322678927306,1308.8329704407174,7.473839564708502,7.138604207241819,A,32636.865170072455
16.829032021380996,343.75284822861755,9.075428061640155,6.297071889659367,C,13853.321436138162
98.46362344516743,1000.4274176587792,6.183178989437014,6.63987029942505,B,21366.378774151068
113.10248059443956,1077.4907393499225,6.6091722000547515,10.0,C,27346.93305021233
64.44283790437404,685.5342051079188,,6.485280755329367,C,18342.65811978736
122.25831950811204,1079.0827547837112,7.668049802822731,6.8279013327716385,A,30301.364061973745
15.795047488419392,453.60365973040723,3.9775587832941905,7.411743497810898,C,11579.517447650942
17.09615586235074,804.3013104537638,3.209815129108746,8.439911997446158,A,22441.47524007384
166.29410652533508,1526.8989930670384,,4.158565761025715,A,36916.06266813071
78.43622186813995,1083.9858316740688,7.932765339156527,8.600395281440496,A,29544.245586348894
34.14149740385811,774.3788834064078,4.412974164860639,5.986045458107629,B,14954.597624010961
109.22621941041282,965.2579942112031,7.714027033274421,2.6164662330746493,A,29349.88922946395
156.29877508873605,1296.7008310344754,9.789384322750893,2.4684074339518336,B,30097.54802313237
51.0059952244002,839.2579210815512,3.6573050105259286,4.673906549568486,B,17132.26262430596
128.34919040561005,1059.2652101638218,7.708214827575884,8.27917581689174,B,25271.695039041202
26.21601834881592,729.7479125391741,6.106251535131998,7.661447477927326,C,15895.952551182854
19.819527022035462,580.1683508422188,9.076995780642537,8.30891971737925,A,21608.563774156082
110.95737999794812,1065.287093082763,4.240048526131702,6.138152451532875,A,29532.06423581312
112.72067310592024,1205.2788982669801,7.848381665583152,5.5215919836439245,A,31432.938870699156
131.11168128465926,1274.4258444439506,8.866807027536773,3.1796202136502716,A,33041.09798448748
147.9573534073057,1270.4495038418918,9.612299536318162,4.625542028874492,A,36119.53650122858
195.41189509788157,1713.8849994420584,7.7827361980275205,5.472154929391002,A,42347.92592655409
108.0970661772271,964.8062646627616,6.480223348058991,2.708803437436938,A,28219.436317933403
71.36172985883672,966.4017870569137,7.324930681408497,3.76489562168969,C,20979.160354610423
161.0853770060537,1457.1417244895013,9.082334891351028,6.7858023525099105,B,31583.047302480954
61.4581277397941,800.8741298511887,6.994268226471808,7.885304913913519,A,24634.721406041186
93.40456993407086,1052.861097306444,3.212709417877858,9.986780091143597,B,22625.472316515486
24.90671245503053,486.85328933643154,9.516640868548844,9.46490665074846,A,22995.977404888865
14.816641248936927,692.3747691739811,7.826687257220928,7.140521596281532,A,20022.058411932856
192.90319878880575,1538.779336965273,7.735593700440726,5.369984426352576,B,32511.266614914803
168.83622289731912,1365.8724634729704,4.509726066784021,7.089418917665862,A,34674.057462170545
142.2350991578026,1408.1741524683412,7.612198291628601,8.285212944641856,A,36257.48656895153
87.70105943871128,897.8345840477809,5.75705083957911,2.9466895273870986,C,20919.50371501581
42.9259208134607,567.0772089104067,7.558630839290444,5.279239117570306,C,15159.769273129492
39.72303810750635,531.6812087684165,3.746151212155935,8.718418285084937,B,12266.935652612681
57.54615065127311,889.2250227434789,7.604917132221252,10.0,B,17664.719545179607
114.35306629416289,975.2903423183418,9.995896080394665,6.574978169817492,B,24791.796221374712
145.77322531301184,1512.328041059689,3.337484272023892,6.702154886897586,A,35618.406868495076
135.43750157636896,995.0747297239826,9.840219289549221,3.475810025069115,A,31318.11249078005
63.18744041972914,1051.105686503315,5.848355725060094,4.897883533218307,A,26872.667084851833
191.42440332600688,1578.156314357352,9.095274152360814,4.676090309935457,A,40670.81142770771
150.20041417219602,1314.496704522631,8.476698388407915,2.2095736682565184,B,27786.55807991293
115.32726997716613,1068.9096944573398,6.969113826906675,5.4838352778271044,A,31424.80238029449
126.22694178452693,1242.1445135371466,8.169144464759285,8.653576349406187,C,31016.167831434934
89.72401186128009,988.9659009460587,9.149608929109435,4.184566479782499,C,22803.692892699262
57.06888800521992,946.2751098706922,5.828982251557231,10.0,B,19474.496961651064
77.6348089437397,940.6987670300131,5.289232130942671,4.389804588710184,B,19838.030203500493
153.99076098823014,1364.985396810691,7.673153698945093,9.525433960922724,C,31435.24337639746
12.734762839653616,526.4077301524322,8.65492159358881,4.07437407092619,A,20396.71373373066
32.05380169631408,669.4624344831993,8.33599594343631,5.437254501911481,B,16954.95868731499
18.740501984133022,640.0089731797788,8.584695542010442,8.981842003876814,A,21388.875416769617
17.738472440604326,392.34139130452877,6.049083203690531,8.73546853433447,B,10715.401600612891
172.53751096209137,1287.1740596388172,8.724839513225152,3.4888113427702185,A,37650.7158804008
143.6949932822045,1379.5141543348507,3.841463387594259,8.421146478365683,C,30135.41208841326
100.09302752659178,1071.0155039716078,6.811423685725947,5.665495093903141,C,25372.57333758502
28.588490523690282,635.158697517975,3.040310623486851,5.863750976682842,A,19686.766227749944
103.40701627219815,1070.950661464937,5.272100809301892,3.0678397793275503,A,28861.025850358612
99.95963644830748,1091.4878051090916,5.565230744099785,2.6448121100569972,C,22162.04311474527
42.90835528290288,671.2247924188425,5.773208841264788,7.8235144557901215,A,23567.725705153476
92.43181335521487,914.9784064054043,7.868270446829035,5.971689218842398,C,24590.924846861944
85.71589953550095,994.938878056977,5.71990670889242,5.494805620921436,B,20371.34704935444
127.01151862992113,1081.1586191507622,,7.836065829219174,A,31810.047787433636
130.66779366485233,1267.6631958424243,4.662808916120293,8.124103191928878,A,31754.227491398473
18.60776185668846,398.0326577032456,5.612762541405381,3.2712653413548285,A,17398.807917560738
81.17639677902953,1069.9688587637397,4.59088739084206,6.88180119582113,B,21502.31389026068
128.9133839857049,1265.735309810942,3.5123714663791055,3.0828326582214842,A,31011.0006509084
105.59588913021666,1111.5009583338567,7.224140153669645,8.011000688232365,B,25590.486574326602
172.73306982578123,1567.9548021152584,7.677489589885114,7.255641250137116,A,39724.892149703206
135.15179000759957,1443.1917783773067,7.336432422067301,9.652916968667665,B,30669.722411756593
40.95754114547164,846.9908841022697,6.244458306604006,2.5516641308513694,C,16795.425363616294
23.40806200608167,407.8394332736518,5.658500461254609,2.4564377692100345,C,12025.507463617494
132.05966285919996,1072.7789097173156,9.043335547002776,4.257496597545601,A,32275.931363587388
15.037149002908144,507.72609019251337,,4.093645469887248,C,13749.677653083501
121.29736044195802,1170.2664084560693,6.3542731434081166,3.9758303925759986,B,23980.864471721674
188.64374587074195,1599.6596847453754,3.1794944606450497,9.250036644168294,B,32548.507227599617
119.34009379641701,1069.2812583018776,5.388734793383095,9.990923996990123,C,25572.543658575665
83.75228597923916,983.0495846230648,5.661369331501,4.175597809029048,A,26502.232776205994
132.2247615040471,1136.5902363898604,5.791759466278304,8.07518609934371,A,31011.246516345014
97.06804919338816,960.4921342046013,7.061206584591326,5.59791873960432,C,25388.567112031684
113.66718997002764,956.3702132133653,6.7352178270881495,8.213684455641449,A,31596.901859262307
188.87831366753977,1428.0427356381601,,2.522929260515082,C,31705.410084259947
83.35950118214711,796.2751038278491,8.354182830794898,10.0,C,22601.291194666082
192.6262071265437,1442.3393488387105,8.690900171012654,2.268908801466261,A,38504.11387137459
182.0166219716521,1627.5284364370275,,2.501225627642836,C,35223.56735308604
47.200315609966324,645.6738691949815,9.688665871684542,9.251499626755287,A,25202.764581430147
23.178647166281436,943.3684071950348,3.1276280787345314,3.1139629689407613,B,14087.998031660407
29.147820261711065,719.5111595451176,4.370445899784823,6.259365458201737,B,13223.247732920378
13.462146873794449,596.2221426492544,3.052940124846995,5.288764820805652,C,12192.508695269144
27.944162543626394,550.6899603681995,7.532322999082221,4.778746610070741,A,19467.14292338067
139.7712869491078,1352.7792637491718,9.286213842649907,9.19866676549818,A,36484.95459718215
23.525843207443508,560.3155984924064,4.7043760760340945,2.174587174203916,B,10952.092477599543
70.60536975581465,902.970711414424,9.489241813574147,7.310317489404713,B,20487.985463990855
170.52630908419636,1745.1048445553351,3.421871732026926,9.707155473708404,B,33987.76156444373
14.421667789806914,567.7919848769801,9.5410521876386,6.4813454676947355,A,22745.395805621865
164.7490116918978,1544.0323634597191,5.4613588106774404,9.494579696264735,A,38324.264408959156
63.552407206945986,765.1570686230964,3.7099457991445157,2.41806303428819,A,22284.511429041813
32.45131724811469,674.2836260049953,6.401102314304279,5.350346552593291,C,16995.255528169895
142.38006141918862,1495.5864140817985,4.797435974043555,10.0,A,35593.766782219274
129.49914088817798,1137.0092279504468,4.99411031373346,7.846567719845838,A,32067.021473531717
176.71968257014007,1689.4520810954018,5.151029754484006,9.850376723977973,C,36771.01207795754
149.6634983227383,1408.0794730297177,,4.0522404995539825,A,37069.11637462265
162.66137677312122,1327.1415591448545,6.774128936726782,10.0,C,30350.519287409687
63.586568788548234,925.6150570236779,5.179153894092026,3.584781062077921,B,18605.512027608333
43.713513318147335,857.130857205018,7.272336483176429,6.522642036572879,C,20674.37106096584
152.61680281176308,1414.0096109307606,8.013054719562355,5.71145989350669,A,36253.783501668
163.29860046078016,1209.7153361474363,4.9083680051347365,9.776042637052296,A,35320.004018251835
198.19597698012794,1502.8214122917193,5.894843710677461,6.8682181815717325,B,33611.189044346196
88.39735861317104,956.4832361062602,3.853202653358633,4.79605097669455,C,21024.77667796118
80.6834363006288,934.8268881614529,,2.912766279103467,B,19270.10571452069
157.51846254097939,1440.832195681468,,3.2099746298794765,A,39070.20708173408
74.75267264807339,932.4638196763941,4.270068433869389,3.8025354396098807,B,17299.60737183102
186.8438918646773,1367.4000822105131,6.676143685669421,4.007733290722384,B,29043.98156088342
173.09842285017226,1497.6650677966632,7.9633238320570285,8.804928462729102,B,33289.51509942909
91.50886520125349,1076.569048040953,3.7481384616632067,6.489782306260199,B,21798.78882032055
152.6655028803845,1406.8351195938396,,6.1871272909949315,C,31339.14595091634
153.36314607608963,1473.1909904850477,4.795939485909546,2.9181509749537398,B,29660.374368177785
29.593535078827195,762.8351014794181,9.74048812666306,8.88111754679548,A,23599.936647170736
181.48505226911766,1553.2693969875595,,7.78251442566787,A,40641.879820274364
105.99795076509285,1074.568843832973,8.641947848426106,2.5413468952000127,A,29583.082656249462
167.0269185604709,1219.3327400606709,6.851585795093833,7.662680777838149,A,37658.917551340615
70.80942419581623,941.0060193728996,3.3038877299837344,6.3483057387411685,A,27207.576585260304
180.1494134142781,1515.7442962381028,7.432059629158156,2.653802765974226,A,37711.92182382571
83.94831895949099,994.3052147406452,9.6598233954466,5.666405132229252,A,28960.227386459406
12.059153781256688,413.1155166984746,7.211282741024318,5.877570297040376,A,19083.20474046422
182.0225755196601,1371.397380509139,8.734322015987532,3.326196321306206,C,32613.217590867112
27.344468589365377,776.772919641458,9.189445243438854,9.565585176002259,C,19827.38426836437
70.66959114217883,883.936132819185,4.596558403642527,8.799802971845295,A,26043.145310639844
190.51177373965294,1629.5948392528062,4.484313879357586,7.3521786986328665,C,33254.79220997824
190.61535791813566,1551.7826736854015,7.276866921956942,5.698364488004858,B,33288.85327322785
118.95319874342437,1157.8133298283233,5.877199288646933,5.294124332676068,A,30552.434392950803
130.04907031226185,1327.8639434345598,8.879029120067042,7.207787737207633,A,35190.311711877344
95.20464917588076,961.7002030812594,9.300161863786078,6.363454955255244,B,24332.030403303866
65.71004662263226,872.9397496573954,5.473949655119027,2.498184847055085,B,15901.923681328673
72.44626362028404,842.9814152669571,4.658093912821375,6.1000211901626535,B,18748.84847009407
137.77850665463728,1205.6422393086273,,8.451228937862716,A,34811.37784674503
152.95116059315922,1304.1307284461388,,5.6739190207756645,A,34102.61358220628
160.4000183079112,1408.8561532895571,8.758300229595749,2.4156526204341473,A,37606.78042835007
160.02744713096524,1322.7011246206914,5.96616777554134,8.290225595072265,A,36638.860934926066
27.32915957925117,801.001112754704,7.672849295040293,3.610910257087795,A,23140.071424168123
103.93985789349048,964.3163421478571,3.668747196842677,4.06896667910431,A,27902.80315777349
20.936164403162415,592.7243069180302,7.367015272736011,3.317650827458367,C,14530.90743479224
114.41048764150975,1076.4899550354025,,4.64172051897198,C,24490.995105608756
93.89079526094163,1190.0367200576268,7.106259242228319,10.0,A,30417.99762444185
178.66379472407695,1506.2374441638124,4.176099454214044,6.155086876031499,C,31891.367385020258
76.67385238489496,1045.5275328531584,8.158116214609276,3.6390501932057004,A,31175.574062200354
32.24273312124511,499.06778740241145,9.0395795428026,9.022640625216326,A,23396.503401001806
37.16841959003881,736.4723396495244,4.51717860063543,9.036654839612233,A,21213.339957890938
154.68702002631971,1457.534305619571,3.6700018886411323,8.964627400368055,B,28058.495465462307
127.4614320300896,1210.9119548785438,3.1654701023243548,3.9103696910523142,C,25994.517490787177
29.213308463330147,788.530841556158,7.493800503102862,5.609914753447905,B,16615.24639832516
25.980293161849513,580.8169983781277,7.249658252621465,9.879917249127,A,22504.675709858442
143.1841349772328,1456.63443519705,6.82688188899849,8.176099810479922,B,29768.707544693993
23.824971209196768,906.9051164848922,4.623629672811828,2.2173393698044785,A,21350.111824745083
166.15341126516768,1370.303134705663,5.736341971338603,2.5216367300839364,C,30624.77755182053
144.18602315973428,1239.5628248104458,7.161334346303211,5.711451014498662,B,27426.785121483048
25.456268321960955,814.4156130249094,6.477368012014185,9.273761646892481,A,21473.044356894054
26.119165676186466,833.204068706711,,6.309614383621714,B,17519.524632901725
197.46151991522333,1523.2951562753362,3.955078267897132,5.982500064274322,B,31001.525476637315
81.11145119366286,895.6905635136428,7.866011878333157,2.8437895996530447,A,26784.946944727202
80.42200794270927,908.5068906216402,5.830231376730045,7.254240837794352,B,22987.036325085694
164.43191777892548,1243.0414864599768,5.997397304479303,8.576825284801803,A,36235.557834489795
189.97722970293316,1434.6365297880286,8.023184359607233,5.043360060060499,B,31956.069591705644
197.34020212634547,1464.874219684652,7.847053059270587,10.0,C,36795.95079826058
153.14185519919891,1250.1444957830986,,9.715813231206493,C,33056.784104311744
81.489321250874,944.0290803933933,3.8987600261788766,3.6301316730215127,B,18788.164084434102
25.865136172747064,670.3640168544913,3.7287675456891645,6.18663704955793,B,13582.773819837368
157.65791402621298,1553.1785862818606,8.070371719901189,4.297103664676604,A,40372.1212285745
116.09680744980295,1018.7299560852613,7.048708419044864,8.342835352270715,B,23049.42438771852
90.60218175692549,1116.4306874802803,4.919124665918641,6.62074692704926,A,29519.856268103882
182.20733316799985,1476.461671116938,3.5559355829229062,7.07665934040243,A,36671.641164850014
31.127521638168755,665.2657238516362,3.5996077471750136,8.383313276927153,A,21390.619039814388
103.59876981526324,1150.7715730439404,9.259336122648829,5.167763781299639,A,30984.95260358341
12.157192505809622,432.13791619447716,,9.320720547256347,B,10601.195699380769
99.045521978884,1090.639540425948,,6.26423093796912,A,29065.106557549672
20.697622379549095,633.8111880730868,4.586594815588916,3.263638582682784,B,12828.174925447816
32.57540409093367,738.2588741811131,5.484974140823561,7.56719294535042,A,23268.21238522647
32.32998688764992,712.5151651510128,3.4859668992226536,8.346090803506035,A,20066.044178985878
133.3499574020521,1528.0607825005936,6.633418536357892,4.534093416540213,B,29013.47667326992
151.74852706043043,1258.0881007222097,3.473287945145504,8.857434055990023,A,33370.08696546851
120.84006536846033,1100.9007249263138,8.60249555475653,9.249146038126131,A,32076.89784951153
192.81278421016296,1485.6934499849247,4.635984573373031,10.0,B,30791.247558427913
81.22541010950377,880.0825013030402,6.780083402231574,9.868171781721777,A,27716.36006677713
64.28529639355354,777.0826748877623,9.160553612930208,3.1256922243900673,C,22572.64549261848
175.03383435599744,1605.3680726908922,7.556141583330359,3.6161253472199197,A,39851.57900946063
52.483209318696,959.1181610116105,6.730704505859347,3.473798713904209,A,23770.048535584563
193.01228249371616,1493.0779984655017,5.270336271807629,9.151917680062963,B,32327.486370029746
12.309350191065105,467.8187572783507,5.331013391407385,7.234340418599695,A,19273.94070096041
194.27697707445142,1625.0932406758513,7.686408686387331,3.216834265778183,A,42804.24842702265
18.20038327060946,533.8353426746355,9.958975528548173,5.522587346946792,A,19480.65707910309
179.3171916026335,1562.1963719451455,,6.922384200558416,A,38394.22325511077
110.26321072639698,1130.7984214973392,,2.6677126799150663,C,27047.2977986986
198.66331126266707,1410.7589181450012,8.114553571674723,9.05933094725871,A,41192.078104595916
24.021347299725782,817.8180343080992,6.256439285986027,8.428828283532281,B,15408.036577240871
115.23231403625095,1349.2830479708427,3.4209963982054967,6.041654188613106,C,27464.3928636926
194.1674817676288,1494.3865068638322,6.936077711145368,9.737012922073363,A,38347.30896787386
109.38859039232827,1055.1130599654875,9.703376991537661,5.342087834200798,C,26572.1363758208
129.58574124569986,1247.0254237383378,4.227120596503617,9.872882552291983,A,33648.64494890786
142.19225090707727,1322.1921947873677,7.830034235744661,7.3433599904290165,C,31795.752256837175
96.36280230587691,1109.020725403063,4.406535820613396,7.077370186031532,A,28184.558406206866
129.23603521597204,1452.022738339808,6.750793791311569,3.32763916236628,B,27733.76530212543
121.01971926538904,1144.3747886603537,3.6767351475270376,9.055422066437153,A,30334.500610161962
181.2200219932879,1400.914451618469,6.152596553807296,5.419917503364921,A,37840.0031193694
18.634812264876995,436.9731600950802,8.293143302266722,3.297867246259835,B,10728.405839491708
63.38300602252376,760.8949283308505,5.433000669672874,2.1008601598060723,B,15350.587188277967
190.57818197454617,1544.2047641151482,7.654382071410526,6.478045469107061,A,39651.5278412714
179.1501189392741,1700.672597788142,8.568149725528105,6.219196976981411,A,42556.70331192
96.57478302928546,969.0479507767295,9.490244736356168,7.7548289789532685,B,24414.98866804515
127.82519358229197,1229.8931188992738,4.642494572988175,9.122064424142417,B,25791.688847709655
62.702424766415206,842.8925886865534,5.795211410665157,2.635252677144236,C,18917.490876286327
45.74302034751465,894.1938047251007,4.066912093312922,7.851971922722899,B,15626.975476941674
98.10269693859661,1342.7967242671161,9.947384515108627,3.4992955527806577,C,28037.933334368685
77.13692332495003,860.5488255367867,9.489006775470067,8.865416425257312,B,21587.62735313535
120.8946612516657,1106.187903781975,6.779699911963917,8.55250811089325,A,34891.9541931996
24.76958102334712,761.5320008766978,8.89423306063495,6.326350039884355,A,22334.549386676423
195.13501345657164,1655.0695527663013,6.646705840904295,7.681942388986492,B,36350.90921095785
197.38004145112455,1807.195107069509,7.365099816019318,4.514800905469987,B,36948.60251087902
